Attribute;Period;Process;Region;Scenario;Vintage;PV
VAR_Cap;2017;ELCCC17;REG1;conv_nonuc;-;5
VAR_Cap;2018;ELCCC17;REG1;conv_nonuc;-;12.5
VAR_Cap;2019;ELCCC17;REG1;conv_nonuc;-;23.75
VAR_Cap;2020;ELCCC17;REG1;conv_nonuc;-;29.7596899064235
VAR_Cap;2021;ELCCC17;REG1;conv_nonuc;-;31.0497222167119
VAR_Cap;2022;ELCCC17;REG1;conv_nonuc;-;37.5291502964142
VAR_Cap;2023;ELCCC17;REG1;conv_nonuc;-;43.9631238306619
VAR_Cap;2024;ELCCC17;REG1;conv_nonuc;-;50.3516428194551
VAR_Cap;2025;ELCCC17;REG1;conv_nonuc;-;56.6947072627938
VAR_Cap;2026;ELCCC17;REG1;conv_nonuc;-;62.9014080697688
VAR_Cap;2027;ELCCC17;REG1;conv_nonuc;-;69.1081088767438
VAR_Cap;2028;ELCCC17;REG1;conv_nonuc;-;75.3148096837188
VAR_Cap;2029;ELCCC17;REG1;conv_nonuc;-;81.4765635899478
VAR_Cap;2030;ELCCC17;REG1;conv_nonuc;-;87.587908326699
VAR_Cap;2031;ELCCC17;REG1;conv_nonuc;-;89.2114943700572
VAR_Cap;2032;ELCCC17;REG1;conv_nonuc;-;90.7978915460282
VAR_Cap;2033;ELCCC17;REG1;conv_nonuc;-;92.3359431943956
VAR_Cap;2034;ELCCC17;REG1;conv_nonuc;-;93.8111456568785
VAR_Cap;2035;ELCCC17;REG1;conv_nonuc;-;95.2046441777115
VAR_Cap;2036;ELCCC17;REG1;conv_nonuc;-;96.1924313521775
VAR_Cap;2037;ELCCC17;REG1;conv_nonuc;-;97.3442560874774
VAR_Cap;2038;ELCCC17;REG1;conv_nonuc;-;98.3165772629726
VAR_Cap;2039;ELCCC17;REG1;conv_nonuc;-;99.0555438107215
VAR_Cap;2040;ELCCC17;REG1;conv_nonuc;-;99.2024796397068
VAR_Cap;2041;ELCCC17;REG1;conv_nonuc;-;99.2024796397068
VAR_Cap;2042;ELCCC17;REG1;conv_nonuc;-;99.2024796397068
VAR_Cap;2043;ELCCC17;REG1;conv_nonuc;-;99.2024796397068
VAR_Cap;2044;ELCCC17;REG1;conv_nonuc;-;99.2024796397068
VAR_Cap;2045;ELCCC17;REG1;conv_nonuc;-;99.2024796397068
VAR_Cap;2046;ELCCC17;REG1;conv_nonuc;-;99.2024796397068
VAR_Cap;2047;ELCCC17;REG1;conv_nonuc;-;94.2024796397068
VAR_Cap;2048;ELCCC17;REG1;conv_nonuc;-;86.7024796397068
VAR_Cap;2049;ELCCC17;REG1;conv_nonuc;-;75.4524796397069
VAR_Cap;2050;ELCCC17;REG1;conv_nonuc;-;69.4427897332834
VAR_Cap;2051;ELCCC17;REG1;conv_nonuc;-;71.5628726671824
VAR_Cap;2052;ELCCC17;REG1;conv_nonuc;-;74.2056609506105
VAR_Cap;2053;ELCCC17;REG1;conv_nonuc;-;76.8484492340384
VAR_Cap;2054;ELCCC17;REG1;conv_nonuc;-;79.4912375174665
VAR_Cap;2055;ELCCC17;REG1;conv_nonuc;-;82.1340258008946
VAR_Cap;2056;ELCCC17;REG1;conv_nonuc;-;84.7768140843227
VAR_Cap;2057;ELCCC17;REG1;conv_nonuc;-;85.957836676663
VAR_Cap;2058;ELCCC17;REG1;conv_nonuc;-;87.1388592690033
VAR_Cap;2059;ELCCC17;REG1;conv_nonuc;-;88.3198818613436
VAR_Cap;2060;ELCCC17;REG1;conv_nonuc;-;89.5009044536838
VAR_Cap;2061;ELCCC17;REG1;conv_nonuc;-;91.1271842964915
VAR_Cap;2062;ELCCC17;REG1;conv_nonuc;-;93.8089440600384
VAR_Cap;2063;ELCCC17;REG1;conv_nonuc;-;96.4485334710802
VAR_Cap;2064;ELCCC17;REG1;conv_nonuc;-;99.0405737725087
VAR_Cap;2065;ELCCC17;REG1;conv_nonuc;-;101.619098134009
VAR_Cap;2066;ELCCC17;REG1;conv_nonuc;-;104.228494341762
VAR_Cap;2067;ELCCC17;REG1;conv_nonuc;-;106.926450771891
VAR_Cap;2068;ELCCC17;REG1;conv_nonuc;-;109.720790216758
VAR_Cap;2069;ELCCC17;REG1;conv_nonuc;-;112.3966747511
VAR_Cap;2070;ELCCC17;REG1;conv_nonuc;-;115.048307470604
VAR_Cap;2071;ELCCC17;REG1;conv_nonuc;-;116.128748121561
VAR_Cap;2072;ELCCC17;REG1;conv_nonuc;-;118.076328615844
VAR_Cap;2073;ELCCC17;REG1;conv_nonuc;-;119.590339188464
VAR_Cap;2074;ELCCC17;REG1;conv_nonuc;-;121.104349761083
VAR_Cap;2075;ELCCC17;REG1;conv_nonuc;-;122.618360333703
VAR_Cap;2076;ELCCC17;REG1;conv_nonuc;-;124.132370906323
VAR_Cap;2077;ELCCC17;REG1;conv_nonuc;-;125.646381478943
VAR_Cap;2078;ELCCC17;REG1;conv_nonuc;-;127.14345064159
VAR_Cap;2079;ELCCC17;REG1;conv_nonuc;-;128.636100288057
VAR_Cap;2080;ELCCC17;REG1;conv_nonuc;-;130.126028058197
VAR_Cap;2081;ELCCC17;REG1;conv_nonuc;-;130.616028058197
VAR_Cap;2082;ELCCC17;REG1;conv_nonuc;-;131.538948057446
VAR_Cap;2083;ELCCC17;REG1;conv_nonuc;-;133.827763313366
VAR_Cap;2084;ELCCC17;REG1;conv_nonuc;-;135.742238891173
VAR_Cap;2085;ELCCC17;REG1;conv_nonuc;-;137.1424617251
VAR_Cap;2086;ELCCC17;REG1;conv_nonuc;-;138.542684559027
VAR_Cap;2087;ELCCC17;REG1;conv_nonuc;-;139.942907392953
VAR_Cap;2088;ELCCC17;REG1;conv_nonuc;-;141.048567120095
VAR_Cap;2089;ELCCC17;REG1;conv_nonuc;-;141.053645679705
VAR_Cap;2090;ELCCC17;REG1;conv_nonuc;-;141.058724239316
VAR_Cap;2091;ELCCC17;REG1;conv_nonuc;-;141.063699979891
VAR_Cap;2092;ELCCC17;REG1;conv_nonuc;-;141.068675720466
VAR_Cap;2093;ELCCC17;REG1;conv_nonuc;-;141.073651461041
VAR_Cap;2094;ELCCC17;REG1;conv_nonuc;-;141.198522399211
VAR_Cap;2095;ELCCC17;REG1;conv_nonuc;-;141.484789779203
VAR_Cap;2096;ELCCC17;REG1;conv_nonuc;-;141.860445349079
VAR_Cap;2097;ELCCC17;REG1;conv_nonuc;-;141.865651691147
VAR_Cap;2098;ELCCC17;REG1;conv_nonuc;-;141.870858033215
VAR_Cap;2099;ELCCC17;REG1;conv_nonuc;-;141.876064375284
VAR_Cap;2100;ELCCC17;REG1;conv_nonuc;-;141.881270717353
VAR_Cap;2017;ELCPVN17;REG1;conv_nonuc;-;0.962171064102384
VAR_Cap;2018;ELCPVN17;REG1;conv_nonuc;-;5.01370615641
VAR_Cap;2019;ELCPVN17;REG1;conv_nonuc;-;9.35252195230734
VAR_Cap;2020;ELCPVN17;REG1;conv_nonuc;-;14.0935307332303
VAR_Cap;2021;ELCPVN17;REG1;conv_nonuc;-;20.7309430265224
VAR_Cap;2022;ELCPVN17;REG1;conv_nonuc;-;30.0233202371313
VAR_Cap;2023;ELCPVN17;REG1;conv_nonuc;-;35.1704990645295
VAR_Cap;2024;ELCPVN17;REG1;conv_nonuc;-;40.2813142555641
VAR_Cap;2025;ELCPVN17;REG1;conv_nonuc;-;44.1818054985376
VAR_Cap;2026;ELCPVN17;REG1;conv_nonuc;-;48.7321930805492
VAR_Cap;2027;ELCPVN17;REG1;conv_nonuc;-;55.2864871013951
VAR_Cap;2028;ELCPVN17;REG1;conv_nonuc;-;60.2518477469751
VAR_Cap;2029;ELCPVN17;REG1;conv_nonuc;-;65.3216809013241
VAR_Cap;2030;ELCPVN17;REG1;conv_nonuc;-;70.508682810646
VAR_Cap;2031;ELCPVN17;REG1;conv_nonuc;-;71.3945009711849
VAR_Cap;2032;ELCPVN17;REG1;conv_nonuc;-;71.3945009711849
VAR_Cap;2033;ELCPVN17;REG1;conv_nonuc;-;71.3945009711849
VAR_Cap;2034;ELCPVN17;REG1;conv_nonuc;-;71.3945009711849
VAR_Cap;2035;ELCPVN17;REG1;conv_nonuc;-;71.3945009711849
VAR_Cap;2036;ELCPVN17;REG1;conv_nonuc;-;73.1014930116398
VAR_Cap;2037;ELCPVN17;REG1;conv_nonuc;-;78.8549005156725
VAR_Cap;2038;ELCPVN17;REG1;conv_nonuc;-;81.7510331000455
VAR_Cap;2039;ELCPVN17;REG1;conv_nonuc;-;83.3534097251449
VAR_Cap;2040;ELCPVN17;REG1;conv_nonuc;-;84.7855227913035
VAR_Cap;2041;ELCPVN17;REG1;conv_nonuc;-;88.0027363459891
VAR_Cap;2042;ELCPVN17;REG1;conv_nonuc;-;95.3785900421524
VAR_Cap;2043;ELCPVN17;REG1;conv_nonuc;-;105.494904896124
VAR_Cap;2044;ELCPVN17;REG1;conv_nonuc;-;117.261804008869
VAR_Cap;2045;ELCPVN17;REG1;conv_nonuc;-;137.440334439978
VAR_Cap;2046;ELCPVN17;REG1;conv_nonuc;-;161.699533209749
VAR_Cap;2047;ELCPVN17;REG1;conv_nonuc;-;194.985980213594
VAR_Cap;2048;ELCPVN17;REG1;conv_nonuc;-;229.442613930047
VAR_Cap;2049;ELCPVN17;REG1;conv_nonuc;-;263.179172638919
VAR_Cap;2050;ELCPVN17;REG1;conv_nonuc;-;297.996093561166
VAR_Cap;2051;ELCPVN17;REG1;conv_nonuc;-;300
VAR_Cap;2052;ELCPVN17;REG1;conv_nonuc;-;300
VAR_Cap;2053;ELCPVN17;REG1;conv_nonuc;-;300
VAR_Cap;2054;ELCPVN17;REG1;conv_nonuc;-;300
VAR_Cap;2055;ELCPVN17;REG1;conv_nonuc;-;300
VAR_Cap;2056;ELCPVN17;REG1;conv_nonuc;-;300
VAR_Cap;2057;ELCPVN17;REG1;conv_nonuc;-;300
VAR_Cap;2058;ELCPVN17;REG1;conv_nonuc;-;300
VAR_Cap;2059;ELCPVN17;REG1;conv_nonuc;-;300
VAR_Cap;2060;ELCPVN17;REG1;conv_nonuc;-;300
VAR_Cap;2061;ELCPVN17;REG1;conv_nonuc;-;298.293007959545
VAR_Cap;2062;ELCPVN17;REG1;conv_nonuc;-;292.539600455512
VAR_Cap;2063;ELCPVN17;REG1;conv_nonuc;-;289.643467871139
VAR_Cap;2064;ELCPVN17;REG1;conv_nonuc;-;288.04109124604
VAR_Cap;2065;ELCPVN17;REG1;conv_nonuc;-;286.608978179881
VAR_Cap;2066;ELCPVN17;REG1;conv_nonuc;-;283.391764625196
VAR_Cap;2067;ELCPVN17;REG1;conv_nonuc;-;275.05373986493
VAR_Cap;2068;ELCPVN17;REG1;conv_nonuc;-;260.885889918651
VAR_Cap;2069;ELCPVN17;REG1;conv_nonuc;-;252.973405478991
VAR_Cap;2070;ELCPVN17;REG1;conv_nonuc;-;247.33549665427
VAR_Cap;2071;ELCPVN17;REG1;conv_nonuc;-;243.252781623917
VAR_Cap;2072;ELCPVN17;REG1;conv_nonuc;-;234.226908612578
VAR_Cap;2073;ELCPVN17;REG1;conv_nonuc;-;227.672614591732
VAR_Cap;2074;ELCPVN17;REG1;conv_nonuc;-;221.118320570886
VAR_Cap;2075;ELCPVN17;REG1;conv_nonuc;-;214.56402655004
VAR_Cap;2076;ELCPVN17;REG1;conv_nonuc;-;208.009732529194
VAR_Cap;2077;ELCPVN17;REG1;conv_nonuc;-;201.455438508348
VAR_Cap;2078;ELCPVN17;REG1;conv_nonuc;-;196.490077862768
VAR_Cap;2079;ELCPVN17;REG1;conv_nonuc;-;191.420244708419
VAR_Cap;2080;ELCPVN17;REG1;conv_nonuc;-;186.233242799098
VAR_Cap;2081;ELCPVN17;REG1;conv_nonuc;-;185.347424638559
VAR_Cap;2082;ELCPVN17;REG1;conv_nonuc;-;185.347424638559
VAR_Cap;2083;ELCPVN17;REG1;conv_nonuc;-;185.347424638559
VAR_Cap;2084;ELCPVN17;REG1;conv_nonuc;-;185.347424638559
VAR_Cap;2085;ELCPVN17;REG1;conv_nonuc;-;185.347424638559
VAR_Cap;2086;ELCPVN17;REG1;conv_nonuc;-;185.347424638559
VAR_Cap;2087;ELCPVN17;REG1;conv_nonuc;-;185.347424638559
VAR_Cap;2088;ELCPVN17;REG1;conv_nonuc;-;185.347424638559
VAR_Cap;2089;ELCPVN17;REG1;conv_nonuc;-;185.347424638559
VAR_Cap;2090;ELCPVN17;REG1;conv_nonuc;-;185.347424638559
VAR_Cap;2091;ELCPVN17;REG1;conv_nonuc;-;185.347424638559
VAR_Cap;2092;ELCPVN17;REG1;conv_nonuc;-;185.347424638559
VAR_Cap;2093;ELCPVN17;REG1;conv_nonuc;-;185.347424638559
VAR_Cap;2094;ELCPVN17;REG1;conv_nonuc;-;177.154194169576
VAR_Cap;2095;ELCPVN17;REG1;conv_nonuc;-;157.872563782265
VAR_Cap;2096;ELCPVN17;REG1;conv_nonuc;-;131.520708133008
VAR_Cap;2097;ELCPVN17;REG1;conv_nonuc;-;131.519666864594
VAR_Cap;2098;ELCPVN17;REG1;conv_nonuc;-;131.518625596181
VAR_Cap;2099;ELCPVN17;REG1;conv_nonuc;-;131.517584327767
VAR_Cap;2100;ELCPVN17;REG1;conv_nonuc;-;131.516543059354
VAR_Cap;2013;ELCTECOA;REG1;conv_nonuc;0;59.0909090909091
VAR_Cap;2014;ELCTECOA;REG1;conv_nonuc;0;59.0909090909091
VAR_Cap;2015;ELCTECOA;REG1;conv_nonuc;0;65.4545454545455
VAR_Cap;2016;ELCTECOA;REG1;conv_nonuc;0;64.5454545454545
VAR_Cap;2017;ELCTECOA;REG1;conv_nonuc;0;62.9545454545454
VAR_Cap;2018;ELCTECOA;REG1;conv_nonuc;0;61.3636363636364
VAR_Cap;2019;ELCTECOA;REG1;conv_nonuc;0;59.7727272727273
VAR_Cap;2020;ELCTECOA;REG1;conv_nonuc;0;58.1818181818182
VAR_Cap;2021;ELCTECOA;REG1;conv_nonuc;0;52.3636363636364
VAR_Cap;2022;ELCTECOA;REG1;conv_nonuc;0;46.5454545454546
VAR_Cap;2023;ELCTECOA;REG1;conv_nonuc;0;40.7272727272727
VAR_Cap;2024;ELCTECOA;REG1;conv_nonuc;0;34.9090909090909
VAR_Cap;2025;ELCTECOA;REG1;conv_nonuc;0;29.0909090909091
VAR_Cap;2026;ELCTECOA;REG1;conv_nonuc;0;23.2727272727273
VAR_Cap;2027;ELCTECOA;REG1;conv_nonuc;0;17.4545454545455
VAR_Cap;2028;ELCTECOA;REG1;conv_nonuc;0;11.6363636363636
VAR_Cap;2029;ELCTECOA;REG1;conv_nonuc;0;5.81818181818182
VAR_Cap;2013;ELCTEGEO;REG1;conv_nonuc;0;0.622222222222222
VAR_Cap;2014;ELCTEGEO;REG1;conv_nonuc;0;0.622222222222222
VAR_Cap;2015;ELCTEGEO;REG1;conv_nonuc;0;0.622222222222222
VAR_Cap;2016;ELCTEGEO;REG1;conv_nonuc;0;0.622222222222222
VAR_Cap;2017;ELCTEGEO;REG1;conv_nonuc;0;0.622222222222222
VAR_Cap;2018;ELCTEGEO;REG1;conv_nonuc;0;0.622222222222222
VAR_Cap;2019;ELCTEGEO;REG1;conv_nonuc;0;0.622222222222222
VAR_Cap;2020;ELCTEGEO;REG1;conv_nonuc;0;0.622222222222222
VAR_Cap;2021;ELCTEGEO;REG1;conv_nonuc;0;0.622222222222222
VAR_Cap;2022;ELCTEGEO;REG1;conv_nonuc;0;0.622222222222222
VAR_Cap;2023;ELCTEGEO;REG1;conv_nonuc;0;0.622222222222222
VAR_Cap;2024;ELCTEGEO;REG1;conv_nonuc;0;0.622222222222222
VAR_Cap;2025;ELCTEGEO;REG1;conv_nonuc;0;0.622222222222222
VAR_Cap;2026;ELCTEGEO;REG1;conv_nonuc;0;0.622222222222222
VAR_Cap;2027;ELCTEGEO;REG1;conv_nonuc;0;0.622222222222222
VAR_Cap;2028;ELCTEGEO;REG1;conv_nonuc;0;0.622222222222222
VAR_Cap;2029;ELCTEGEO;REG1;conv_nonuc;0;0.622222222222222
VAR_Cap;2030;ELCTEGEO;REG1;conv_nonuc;0;0.622222222222222
VAR_Cap;2031;ELCTEGEO;REG1;conv_nonuc;0;0.622222222222222
VAR_Cap;2032;ELCTEGEO;REG1;conv_nonuc;0;0.622222222222222
VAR_Cap;2033;ELCTEGEO;REG1;conv_nonuc;0;0.622222222222222
VAR_Cap;2034;ELCTEGEO;REG1;conv_nonuc;0;0.622222222222222
VAR_Cap;2035;ELCTEGEO;REG1;conv_nonuc;0;0.622222222222222
VAR_Cap;2036;ELCTEGEO;REG1;conv_nonuc;0;0.622222222222222
VAR_Cap;2037;ELCTEGEO;REG1;conv_nonuc;0;0.622222222222222
VAR_Cap;2038;ELCTEGEO;REG1;conv_nonuc;0;0.622222222222222
VAR_Cap;2039;ELCTEGEO;REG1;conv_nonuc;0;0.622222222222222
VAR_Cap;2040;ELCTEGEO;REG1;conv_nonuc;0;0.622222222222222
VAR_Cap;2041;ELCTEGEO;REG1;conv_nonuc;0;0.622222222222222
VAR_Cap;2042;ELCTEGEO;REG1;conv_nonuc;0;0.622222222222222
VAR_Cap;2043;ELCTEGEO;REG1;conv_nonuc;0;0.622222222222222
VAR_Cap;2044;ELCTEGEO;REG1;conv_nonuc;0;0.622222222222222
VAR_Cap;2045;ELCTEGEO;REG1;conv_nonuc;0;0.622222222222222
VAR_Cap;2046;ELCTEGEO;REG1;conv_nonuc;0;0.622222222222222
VAR_Cap;2047;ELCTEGEO;REG1;conv_nonuc;0;0.622222222222222
VAR_Cap;2048;ELCTEGEO;REG1;conv_nonuc;0;0.622222222222222
VAR_Cap;2049;ELCTEGEO;REG1;conv_nonuc;0;0.622222222222222
VAR_Cap;2050;ELCTEGEO;REG1;conv_nonuc;0;0.622222222222222
VAR_Cap;2051;ELCTEGEO;REG1;conv_nonuc;0;0.622222222222222
VAR_Cap;2052;ELCTEGEO;REG1;conv_nonuc;0;0.622222222222222
VAR_Cap;2053;ELCTEGEO;REG1;conv_nonuc;0;0.622222222222222
VAR_Cap;2054;ELCTEGEO;REG1;conv_nonuc;0;0.622222222222222
VAR_Cap;2055;ELCTEGEO;REG1;conv_nonuc;0;0.622222222222222
VAR_Cap;2056;ELCTEGEO;REG1;conv_nonuc;0;0.622222222222222
VAR_Cap;2057;ELCTEGEO;REG1;conv_nonuc;0;0.622222222222222
VAR_Cap;2058;ELCTEGEO;REG1;conv_nonuc;0;0.622222222222222
VAR_Cap;2059;ELCTEGEO;REG1;conv_nonuc;0;0.622222222222222
VAR_Cap;2060;ELCTEGEO;REG1;conv_nonuc;0;0.622222222222222
VAR_Cap;2061;ELCTEGEO;REG1;conv_nonuc;0;0.622222222222222
VAR_Cap;2062;ELCTEGEO;REG1;conv_nonuc;0;0.622222222222222
VAR_Cap;2063;ELCTEGEO;REG1;conv_nonuc;0;0.622222222222222
VAR_Cap;2064;ELCTEGEO;REG1;conv_nonuc;0;0.622222222222222
VAR_Cap;2065;ELCTEGEO;REG1;conv_nonuc;0;0.622222222222222
VAR_Cap;2066;ELCTEGEO;REG1;conv_nonuc;0;0.622222222222222
VAR_Cap;2067;ELCTEGEO;REG1;conv_nonuc;0;0.622222222222222
VAR_Cap;2068;ELCTEGEO;REG1;conv_nonuc;0;0.622222222222222
VAR_Cap;2069;ELCTEGEO;REG1;conv_nonuc;0;0.622222222222222
VAR_Cap;2070;ELCTEGEO;REG1;conv_nonuc;0;0.622222222222222
VAR_Cap;2071;ELCTEGEO;REG1;conv_nonuc;0;0.622222222222222
VAR_Cap;2072;ELCTEGEO;REG1;conv_nonuc;0;0.622222222222222
VAR_Cap;2073;ELCTEGEO;REG1;conv_nonuc;0;0.622222222222222
VAR_Cap;2074;ELCTEGEO;REG1;conv_nonuc;0;0.622222222222222
VAR_Cap;2075;ELCTEGEO;REG1;conv_nonuc;0;0.622222222222222
VAR_Cap;2076;ELCTEGEO;REG1;conv_nonuc;0;0.622222222222222
VAR_Cap;2077;ELCTEGEO;REG1;conv_nonuc;0;0.622222222222222
VAR_Cap;2078;ELCTEGEO;REG1;conv_nonuc;0;0.622222222222222
VAR_Cap;2079;ELCTEGEO;REG1;conv_nonuc;0;0.622222222222222
VAR_Cap;2080;ELCTEGEO;REG1;conv_nonuc;0;0.622222222222222
VAR_Cap;2081;ELCTEGEO;REG1;conv_nonuc;0;0.622222222222222
VAR_Cap;2082;ELCTEGEO;REG1;conv_nonuc;0;0.622222222222222
VAR_Cap;2083;ELCTEGEO;REG1;conv_nonuc;0;0.622222222222222
VAR_Cap;2084;ELCTEGEO;REG1;conv_nonuc;0;0.622222222222222
VAR_Cap;2085;ELCTEGEO;REG1;conv_nonuc;0;0.622222222222222
VAR_Cap;2086;ELCTEGEO;REG1;conv_nonuc;0;0.622222222222222
VAR_Cap;2087;ELCTEGEO;REG1;conv_nonuc;0;0.622222222222222
VAR_Cap;2088;ELCTEGEO;REG1;conv_nonuc;0;0.622222222222222
VAR_Cap;2089;ELCTEGEO;REG1;conv_nonuc;0;0.622222222222222
VAR_Cap;2090;ELCTEGEO;REG1;conv_nonuc;0;0.622222222222222
VAR_Cap;2091;ELCTEGEO;REG1;conv_nonuc;0;0.622222222222222
VAR_Cap;2092;ELCTEGEO;REG1;conv_nonuc;0;0.622222222222222
VAR_Cap;2093;ELCTEGEO;REG1;conv_nonuc;0;0.622222222222222
VAR_Cap;2094;ELCTEGEO;REG1;conv_nonuc;0;0.622222222222222
VAR_Cap;2095;ELCTEGEO;REG1;conv_nonuc;0;0.622222222222222
VAR_Cap;2096;ELCTEGEO;REG1;conv_nonuc;0;0.622222222222222
VAR_Cap;2097;ELCTEGEO;REG1;conv_nonuc;0;0.622222222222222
VAR_Cap;2098;ELCTEGEO;REG1;conv_nonuc;0;0.622222222222222
VAR_Cap;2099;ELCTEGEO;REG1;conv_nonuc;0;0.622222222222222
VAR_Cap;2100;ELCTEGEO;REG1;conv_nonuc;0;0.622222222222222
VAR_Cap;2013;ELCTEHYD;REG1;conv_nonuc;0;49
VAR_Cap;2014;ELCTEHYD;REG1;conv_nonuc;0;50
VAR_Cap;2015;ELCTEHYD;REG1;conv_nonuc;0;52.5
VAR_Cap;2016;ELCTEHYD;REG1;conv_nonuc;0;49
VAR_Cap;2017;ELCTEHYD;REG1;conv_nonuc;0;49
VAR_Cap;2018;ELCTEHYD;REG1;conv_nonuc;0;49
VAR_Cap;2019;ELCTEHYD;REG1;conv_nonuc;0;49
VAR_Cap;2020;ELCTEHYD;REG1;conv_nonuc;0;49
VAR_Cap;2021;ELCTEHYD;REG1;conv_nonuc;0;49
VAR_Cap;2022;ELCTEHYD;REG1;conv_nonuc;0;49
VAR_Cap;2023;ELCTEHYD;REG1;conv_nonuc;0;49
VAR_Cap;2024;ELCTEHYD;REG1;conv_nonuc;0;49
VAR_Cap;2025;ELCTEHYD;REG1;conv_nonuc;0;49
VAR_Cap;2026;ELCTEHYD;REG1;conv_nonuc;0;49
VAR_Cap;2027;ELCTEHYD;REG1;conv_nonuc;0;49
VAR_Cap;2028;ELCTEHYD;REG1;conv_nonuc;0;49
VAR_Cap;2029;ELCTEHYD;REG1;conv_nonuc;0;49
VAR_Cap;2030;ELCTEHYD;REG1;conv_nonuc;0;49
VAR_Cap;2031;ELCTEHYD;REG1;conv_nonuc;0;49
VAR_Cap;2032;ELCTEHYD;REG1;conv_nonuc;0;49
VAR_Cap;2033;ELCTEHYD;REG1;conv_nonuc;0;49
VAR_Cap;2034;ELCTEHYD;REG1;conv_nonuc;0;49
VAR_Cap;2035;ELCTEHYD;REG1;conv_nonuc;0;49
VAR_Cap;2036;ELCTEHYD;REG1;conv_nonuc;0;49
VAR_Cap;2037;ELCTEHYD;REG1;conv_nonuc;0;49
VAR_Cap;2038;ELCTEHYD;REG1;conv_nonuc;0;49
VAR_Cap;2039;ELCTEHYD;REG1;conv_nonuc;0;49
VAR_Cap;2040;ELCTEHYD;REG1;conv_nonuc;0;49
VAR_Cap;2041;ELCTEHYD;REG1;conv_nonuc;0;49
VAR_Cap;2042;ELCTEHYD;REG1;conv_nonuc;0;49
VAR_Cap;2043;ELCTEHYD;REG1;conv_nonuc;0;49
VAR_Cap;2044;ELCTEHYD;REG1;conv_nonuc;0;49
VAR_Cap;2045;ELCTEHYD;REG1;conv_nonuc;0;49
VAR_Cap;2046;ELCTEHYD;REG1;conv_nonuc;0;49
VAR_Cap;2047;ELCTEHYD;REG1;conv_nonuc;0;49
VAR_Cap;2048;ELCTEHYD;REG1;conv_nonuc;0;49
VAR_Cap;2049;ELCTEHYD;REG1;conv_nonuc;0;49
VAR_Cap;2050;ELCTEHYD;REG1;conv_nonuc;0;49
VAR_Cap;2051;ELCTEHYD;REG1;conv_nonuc;0;49
VAR_Cap;2052;ELCTEHYD;REG1;conv_nonuc;0;49
VAR_Cap;2053;ELCTEHYD;REG1;conv_nonuc;0;49
VAR_Cap;2054;ELCTEHYD;REG1;conv_nonuc;0;49
VAR_Cap;2055;ELCTEHYD;REG1;conv_nonuc;0;49
VAR_Cap;2056;ELCTEHYD;REG1;conv_nonuc;0;49
VAR_Cap;2057;ELCTEHYD;REG1;conv_nonuc;0;49
VAR_Cap;2058;ELCTEHYD;REG1;conv_nonuc;0;49
VAR_Cap;2059;ELCTEHYD;REG1;conv_nonuc;0;49
VAR_Cap;2060;ELCTEHYD;REG1;conv_nonuc;0;49
VAR_Cap;2061;ELCTEHYD;REG1;conv_nonuc;0;49
VAR_Cap;2062;ELCTEHYD;REG1;conv_nonuc;0;49
VAR_Cap;2063;ELCTEHYD;REG1;conv_nonuc;0;49
VAR_Cap;2064;ELCTEHYD;REG1;conv_nonuc;0;49
VAR_Cap;2065;ELCTEHYD;REG1;conv_nonuc;0;49
VAR_Cap;2066;ELCTEHYD;REG1;conv_nonuc;0;49
VAR_Cap;2067;ELCTEHYD;REG1;conv_nonuc;0;49
VAR_Cap;2068;ELCTEHYD;REG1;conv_nonuc;0;49
VAR_Cap;2069;ELCTEHYD;REG1;conv_nonuc;0;49
VAR_Cap;2070;ELCTEHYD;REG1;conv_nonuc;0;49
VAR_Cap;2071;ELCTEHYD;REG1;conv_nonuc;0;49
VAR_Cap;2072;ELCTEHYD;REG1;conv_nonuc;0;49
VAR_Cap;2073;ELCTEHYD;REG1;conv_nonuc;0;49
VAR_Cap;2074;ELCTEHYD;REG1;conv_nonuc;0;49
VAR_Cap;2075;ELCTEHYD;REG1;conv_nonuc;0;49
VAR_Cap;2076;ELCTEHYD;REG1;conv_nonuc;0;49
VAR_Cap;2077;ELCTEHYD;REG1;conv_nonuc;0;49
VAR_Cap;2078;ELCTEHYD;REG1;conv_nonuc;0;49
VAR_Cap;2079;ELCTEHYD;REG1;conv_nonuc;0;49
VAR_Cap;2080;ELCTEHYD;REG1;conv_nonuc;0;49
VAR_Cap;2081;ELCTEHYD;REG1;conv_nonuc;0;49
VAR_Cap;2082;ELCTEHYD;REG1;conv_nonuc;0;49
VAR_Cap;2083;ELCTEHYD;REG1;conv_nonuc;0;49
VAR_Cap;2084;ELCTEHYD;REG1;conv_nonuc;0;49
VAR_Cap;2085;ELCTEHYD;REG1;conv_nonuc;0;49
VAR_Cap;2086;ELCTEHYD;REG1;conv_nonuc;0;49
VAR_Cap;2087;ELCTEHYD;REG1;conv_nonuc;0;49
VAR_Cap;2088;ELCTEHYD;REG1;conv_nonuc;0;49
VAR_Cap;2089;ELCTEHYD;REG1;conv_nonuc;0;49
VAR_Cap;2090;ELCTEHYD;REG1;conv_nonuc;0;49
VAR_Cap;2091;ELCTEHYD;REG1;conv_nonuc;0;49
VAR_Cap;2092;ELCTEHYD;REG1;conv_nonuc;0;49
VAR_Cap;2093;ELCTEHYD;REG1;conv_nonuc;0;49
VAR_Cap;2094;ELCTEHYD;REG1;conv_nonuc;0;49
VAR_Cap;2095;ELCTEHYD;REG1;conv_nonuc;0;49
VAR_Cap;2096;ELCTEHYD;REG1;conv_nonuc;0;49
VAR_Cap;2097;ELCTEHYD;REG1;conv_nonuc;0;49
VAR_Cap;2098;ELCTEHYD;REG1;conv_nonuc;0;49
VAR_Cap;2099;ELCTEHYD;REG1;conv_nonuc;0;49
VAR_Cap;2100;ELCTEHYD;REG1;conv_nonuc;0;49
VAR_Cap;2013;ELCTELNG;REG1;conv_nonuc;0;88.1818181818182
VAR_Cap;2014;ELCTELNG;REG1;conv_nonuc;0;90
VAR_Cap;2015;ELCTELNG;REG1;conv_nonuc;0;87.2727272727273
VAR_Cap;2016;ELCTELNG;REG1;conv_nonuc;0;84.5454545454545
VAR_Cap;2017;ELCTELNG;REG1;conv_nonuc;0;82.9545454545454
VAR_Cap;2018;ELCTELNG;REG1;conv_nonuc;0;81.3636363636363
VAR_Cap;2019;ELCTELNG;REG1;conv_nonuc;0;79.7727272727273
VAR_Cap;2020;ELCTELNG;REG1;conv_nonuc;0;78.1818181818182
VAR_Cap;2021;ELCTELNG;REG1;conv_nonuc;0;70.3636363636364
VAR_Cap;2022;ELCTELNG;REG1;conv_nonuc;0;62.5454545454546
VAR_Cap;2023;ELCTELNG;REG1;conv_nonuc;0;54.7272727272727
VAR_Cap;2024;ELCTELNG;REG1;conv_nonuc;0;46.9090909090909
VAR_Cap;2025;ELCTELNG;REG1;conv_nonuc;0;39.0909090909091
VAR_Cap;2026;ELCTELNG;REG1;conv_nonuc;0;31.2727272727273
VAR_Cap;2027;ELCTELNG;REG1;conv_nonuc;0;23.4545454545455
VAR_Cap;2028;ELCTELNG;REG1;conv_nonuc;0;15.6363636363636
VAR_Cap;2029;ELCTELNG;REG1;conv_nonuc;0;7.81818181818182
VAR_Cap;2013;ELCTENUC;REG1;conv_nonuc;0;1.18055555555556
VAR_Cap;2015;ELCTENUC;REG1;conv_nonuc;0;1.19777777777778
VAR_Cap;2016;ELCTENUC;REG1;conv_nonuc;0;2.2
VAR_Cap;2017;ELCTENUC;REG1;conv_nonuc;0;9.375
VAR_Cap;2018;ELCTENUC;REG1;conv_nonuc;0;16.55
VAR_Cap;2019;ELCTENUC;REG1;conv_nonuc;0;23.725
VAR_Cap;2020;ELCTENUC;REG1;conv_nonuc;0;30.9
VAR_Cap;2021;ELCTENUC;REG1;conv_nonuc;0;30.9
VAR_Cap;2022;ELCTENUC;REG1;conv_nonuc;0;30.9
VAR_Cap;2023;ELCTENUC;REG1;conv_nonuc;0;30.9
VAR_Cap;2024;ELCTENUC;REG1;conv_nonuc;0;30.9
VAR_Cap;2025;ELCTENUC;REG1;conv_nonuc;0;30.9
VAR_Cap;2026;ELCTENUC;REG1;conv_nonuc;0;30.9
VAR_Cap;2027;ELCTENUC;REG1;conv_nonuc;0;30.9
VAR_Cap;2028;ELCTENUC;REG1;conv_nonuc;0;30.9
VAR_Cap;2029;ELCTENUC;REG1;conv_nonuc;0;30.9
VAR_Cap;2030;ELCTENUC;REG1;conv_nonuc;0;30.9
VAR_Cap;2031;ELCTENUC;REG1;conv_nonuc;0;30.6379
VAR_Cap;2032;ELCTENUC;REG1;conv_nonuc;0;30.3758
VAR_Cap;2033;ELCTENUC;REG1;conv_nonuc;0;30.1137
VAR_Cap;2034;ELCTENUC;REG1;conv_nonuc;0;29.8516
VAR_Cap;2035;ELCTENUC;REG1;conv_nonuc;0;29.5895
VAR_Cap;2036;ELCTENUC;REG1;conv_nonuc;0;29.3274
VAR_Cap;2037;ELCTENUC;REG1;conv_nonuc;0;29.0653
VAR_Cap;2038;ELCTENUC;REG1;conv_nonuc;0;28.8032
VAR_Cap;2039;ELCTENUC;REG1;conv_nonuc;0;28.5411
VAR_Cap;2040;ELCTENUC;REG1;conv_nonuc;0;28.279
VAR_Cap;2041;ELCTENUC;REG1;conv_nonuc;0;27.9971111111111
VAR_Cap;2042;ELCTENUC;REG1;conv_nonuc;0;27.7152222222222
VAR_Cap;2043;ELCTENUC;REG1;conv_nonuc;0;27.4333333333333
VAR_Cap;2044;ELCTENUC;REG1;conv_nonuc;0;25.7205128205128
VAR_Cap;2045;ELCTENUC;REG1;conv_nonuc;0;24.0076923076923
VAR_Cap;2046;ELCTENUC;REG1;conv_nonuc;0;22.2948717948718
VAR_Cap;2047;ELCTENUC;REG1;conv_nonuc;0;20.5820512820513
VAR_Cap;2048;ELCTENUC;REG1;conv_nonuc;0;18.8692307692308
VAR_Cap;2049;ELCTENUC;REG1;conv_nonuc;0;17.1564102564102
VAR_Cap;2050;ELCTENUC;REG1;conv_nonuc;0;15.4435897435897
VAR_Cap;2051;ELCTENUC;REG1;conv_nonuc;0;13.7307692307692
VAR_Cap;2052;ELCTENUC;REG1;conv_nonuc;0;12.0179487179487
VAR_Cap;2053;ELCTENUC;REG1;conv_nonuc;0;10.3051282051282
VAR_Cap;2054;ELCTENUC;REG1;conv_nonuc;0;8.59230769230769
VAR_Cap;2055;ELCTENUC;REG1;conv_nonuc;0;6.87948717948718
VAR_Cap;2056;ELCTENUC;REG1;conv_nonuc;0;5.16666666666667
VAR_Cap;2057;ELCTENUC;REG1;conv_nonuc;0;4.79761904761905
VAR_Cap;2058;ELCTENUC;REG1;conv_nonuc;0;4.42857142857143
VAR_Cap;2059;ELCTENUC;REG1;conv_nonuc;0;4.05952380952381
VAR_Cap;2060;ELCTENUC;REG1;conv_nonuc;0;3.69047619047619
VAR_Cap;2061;ELCTENUC;REG1;conv_nonuc;0;3.32142857142857
VAR_Cap;2062;ELCTENUC;REG1;conv_nonuc;0;2.95238095238095
VAR_Cap;2063;ELCTENUC;REG1;conv_nonuc;0;2.58333333333334
VAR_Cap;2064;ELCTENUC;REG1;conv_nonuc;0;2.21428571428572
VAR_Cap;2065;ELCTENUC;REG1;conv_nonuc;0;1.8452380952381
VAR_Cap;2066;ELCTENUC;REG1;conv_nonuc;0;1.47619047619048
VAR_Cap;2067;ELCTENUC;REG1;conv_nonuc;0;1.10714285714286
VAR_Cap;2068;ELCTENUC;REG1;conv_nonuc;0;0.738095238095238
VAR_Cap;2069;ELCTENUC;REG1;conv_nonuc;0;0.369047619047619
VAR_Cap;2013;ELCTEOIL;REG1;conv_nonuc;0;22.9090909090909
VAR_Cap;2014;ELCTEOIL;REG1;conv_nonuc;0;15.6363636363636
VAR_Cap;2015;ELCTEOIL;REG1;conv_nonuc;0;12.5454545454545
VAR_Cap;2016;ELCTEOIL;REG1;conv_nonuc;0;8.72727272727273
VAR_Cap;2017;ELCTEOIL;REG1;conv_nonuc;0;8.36363636363637
VAR_Cap;2018;ELCTEOIL;REG1;conv_nonuc;0;8
VAR_Cap;2019;ELCTEOIL;REG1;conv_nonuc;0;7.63636363636363
VAR_Cap;2020;ELCTEOIL;REG1;conv_nonuc;0;7.27272727272727
VAR_Cap;2021;ELCTEOIL;REG1;conv_nonuc;0;6.54545454545454
VAR_Cap;2022;ELCTEOIL;REG1;conv_nonuc;0;5.81818181818182
VAR_Cap;2023;ELCTEOIL;REG1;conv_nonuc;0;5.09090909090909
VAR_Cap;2024;ELCTEOIL;REG1;conv_nonuc;0;4.36363636363636
VAR_Cap;2025;ELCTEOIL;REG1;conv_nonuc;0;3.63636363636363
VAR_Cap;2026;ELCTEOIL;REG1;conv_nonuc;0;2.90909090909091
VAR_Cap;2027;ELCTEOIL;REG1;conv_nonuc;0;2.18181818181818
VAR_Cap;2028;ELCTEOIL;REG1;conv_nonuc;0;1.45454545454545
VAR_Cap;2029;ELCTEOIL;REG1;conv_nonuc;0;0.727272727272727
VAR_Cap;2013;ELCTEPVS;REG1;conv_nonuc;0;7.14285714285714E-02
VAR_Cap;2014;ELCTEPVS;REG1;conv_nonuc;0;7.85714285714286E-02
VAR_Cap;2015;ELCTEPVS;REG1;conv_nonuc;0;8.57142857142857E-02
VAR_Cap;2016;ELCTEPVS;REG1;conv_nonuc;0;5.42857142857143
VAR_Cap;2017;ELCTEPVS;REG1;conv_nonuc;0;5.42857142857143
VAR_Cap;2018;ELCTEPVS;REG1;conv_nonuc;0;5.42857142857143
VAR_Cap;2019;ELCTEPVS;REG1;conv_nonuc;0;5.42857142857143
VAR_Cap;2020;ELCTEPVS;REG1;conv_nonuc;0;5.42857142857143
VAR_Cap;2021;ELCTEPVS;REG1;conv_nonuc;0;5.42857142857143
VAR_Cap;2022;ELCTEPVS;REG1;conv_nonuc;0;5.42857142857143
VAR_Cap;2023;ELCTEPVS;REG1;conv_nonuc;0;5.42857142857143
VAR_Cap;2024;ELCTEPVS;REG1;conv_nonuc;0;5.42857142857143
VAR_Cap;2025;ELCTEPVS;REG1;conv_nonuc;0;5.42857142857143
VAR_Cap;2026;ELCTEPVS;REG1;conv_nonuc;0;5.42857142857143
VAR_Cap;2027;ELCTEPVS;REG1;conv_nonuc;0;5.42857142857143
VAR_Cap;2028;ELCTEPVS;REG1;conv_nonuc;0;5.42857142857143
VAR_Cap;2029;ELCTEPVS;REG1;conv_nonuc;0;5.42857142857143
VAR_Cap;2030;ELCTEPVS;REG1;conv_nonuc;0;5.42857142857143
VAR_Cap;2031;ELCTEPVS;REG1;conv_nonuc;0;4.88571428571429
VAR_Cap;2032;ELCTEPVS;REG1;conv_nonuc;0;4.34285714285714
VAR_Cap;2033;ELCTEPVS;REG1;conv_nonuc;0;3.8
VAR_Cap;2034;ELCTEPVS;REG1;conv_nonuc;0;3.25714285714286
VAR_Cap;2035;ELCTEPVS;REG1;conv_nonuc;0;2.71428571428571
VAR_Cap;2036;ELCTEPVS;REG1;conv_nonuc;0;2.17142857142857
VAR_Cap;2037;ELCTEPVS;REG1;conv_nonuc;0;1.62857142857143
VAR_Cap;2038;ELCTEPVS;REG1;conv_nonuc;0;1.08571428571429
VAR_Cap;2039;ELCTEPVS;REG1;conv_nonuc;0;0.542857142857143
VAR_Cap;2013;ELCTEWND;REG1;conv_nonuc;0;0.078
VAR_Cap;2014;ELCTEWND;REG1;conv_nonuc;0;0.016
VAR_Cap;2015;ELCTEWND;REG1;conv_nonuc;0;0.032
VAR_Cap;2016;ELCTEWND;REG1;conv_nonuc;0;2.32
VAR_Cap;2017;ELCTEWND;REG1;conv_nonuc;0;2.32
VAR_Cap;2018;ELCTEWND;REG1;conv_nonuc;0;2.32
VAR_Cap;2019;ELCTEWND;REG1;conv_nonuc;0;2.32
VAR_Cap;2020;ELCTEWND;REG1;conv_nonuc;0;2.32
VAR_Cap;2021;ELCTEWND;REG1;conv_nonuc;0;2.32
VAR_Cap;2022;ELCTEWND;REG1;conv_nonuc;0;2.32
VAR_Cap;2023;ELCTEWND;REG1;conv_nonuc;0;2.32
VAR_Cap;2024;ELCTEWND;REG1;conv_nonuc;0;2.32
VAR_Cap;2025;ELCTEWND;REG1;conv_nonuc;0;2.32
VAR_Cap;2026;ELCTEWND;REG1;conv_nonuc;0;2.32
VAR_Cap;2027;ELCTEWND;REG1;conv_nonuc;0;2.32
VAR_Cap;2028;ELCTEWND;REG1;conv_nonuc;0;2.32
VAR_Cap;2029;ELCTEWND;REG1;conv_nonuc;0;2.32
VAR_Cap;2030;ELCTEWND;REG1;conv_nonuc;0;2.32
VAR_Cap;2031;ELCTEWND;REG1;conv_nonuc;0;2.088
VAR_Cap;2032;ELCTEWND;REG1;conv_nonuc;0;1.856
VAR_Cap;2033;ELCTEWND;REG1;conv_nonuc;0;1.624
VAR_Cap;2034;ELCTEWND;REG1;conv_nonuc;0;1.392
VAR_Cap;2035;ELCTEWND;REG1;conv_nonuc;0;1.16
VAR_Cap;2036;ELCTEWND;REG1;conv_nonuc;0;0.928
VAR_Cap;2037;ELCTEWND;REG1;conv_nonuc;0;0.696
VAR_Cap;2038;ELCTEWND;REG1;conv_nonuc;0;0.464
VAR_Cap;2039;ELCTEWND;REG1;conv_nonuc;0;0.232
VAR_Cap;2039;ELCWOFL17;REG1;conv_nonuc;-;0.88853859691994
VAR_Cap;2040;ELCWOFL17;REG1;conv_nonuc;-;2.06624631630393
VAR_Cap;2041;ELCWOFL17;REG1;conv_nonuc;-;3.47949557956471
VAR_Cap;2042;ELCWOFL17;REG1;conv_nonuc;-;5.17539469547766
VAR_Cap;2043;ELCWOFL17;REG1;conv_nonuc;-;7.21047363457319
VAR_Cap;2044;ELCWOFL17;REG1;conv_nonuc;-;9.65256836148782
VAR_Cap;2045;ELCWOFL17;REG1;conv_nonuc;-;12.5830820337854
VAR_Cap;2046;ELCWOFL17;REG1;conv_nonuc;-;15.96
VAR_Cap;2047;ELCWOFL17;REG1;conv_nonuc;-;16.47
VAR_Cap;2048;ELCWOFL17;REG1;conv_nonuc;-;16.98
VAR_Cap;2049;ELCWOFL17;REG1;conv_nonuc;-;17.49
VAR_Cap;2050;ELCWOFL17;REG1;conv_nonuc;-;18
VAR_Cap;2051;ELCWOFL17;REG1;conv_nonuc;-;18.36
VAR_Cap;2052;ELCWOFL17;REG1;conv_nonuc;-;18.72
VAR_Cap;2053;ELCWOFL17;REG1;conv_nonuc;-;19.08
VAR_Cap;2054;ELCWOFL17;REG1;conv_nonuc;-;19.44
VAR_Cap;2055;ELCWOFL17;REG1;conv_nonuc;-;19.8
VAR_Cap;2056;ELCWOFL17;REG1;conv_nonuc;-;20.16
VAR_Cap;2057;ELCWOFL17;REG1;conv_nonuc;-;20.52
VAR_Cap;2058;ELCWOFL17;REG1;conv_nonuc;-;20.88
VAR_Cap;2059;ELCWOFL17;REG1;conv_nonuc;-;21.24
VAR_Cap;2060;ELCWOFL17;REG1;conv_nonuc;-;21.6
VAR_Cap;2061;ELCWOFL17;REG1;conv_nonuc;-;21.96
VAR_Cap;2062;ELCWOFL17;REG1;conv_nonuc;-;22.32
VAR_Cap;2063;ELCWOFL17;REG1;conv_nonuc;-;22.68
VAR_Cap;2064;ELCWOFL17;REG1;conv_nonuc;-;23.04
VAR_Cap;2065;ELCWOFL17;REG1;conv_nonuc;-;23.4
VAR_Cap;2066;ELCWOFL17;REG1;conv_nonuc;-;23.76
VAR_Cap;2067;ELCWOFL17;REG1;conv_nonuc;-;24.12
VAR_Cap;2068;ELCWOFL17;REG1;conv_nonuc;-;24.48
VAR_Cap;2069;ELCWOFL17;REG1;conv_nonuc;-;24.84
VAR_Cap;2070;ELCWOFL17;REG1;conv_nonuc;-;25.2
VAR_Cap;2071;ELCWOFL17;REG1;conv_nonuc;-;25.2889587315866
VAR_Cap;2072;ELCWOFL17;REG1;conv_nonuc;-;25.92
VAR_Cap;2073;ELCWOFL17;REG1;conv_nonuc;-;26.28
VAR_Cap;2074;ELCWOFL17;REG1;conv_nonuc;-;26.64
VAR_Cap;2075;ELCWOFL17;REG1;conv_nonuc;-;27
VAR_Cap;2076;ELCWOFL17;REG1;conv_nonuc;-;27.36
VAR_Cap;2077;ELCWOFL17;REG1;conv_nonuc;-;27.72
VAR_Cap;2078;ELCWOFL17;REG1;conv_nonuc;-;28.08
VAR_Cap;2079;ELCWOFL17;REG1;conv_nonuc;-;28.44
VAR_Cap;2080;ELCWOFL17;REG1;conv_nonuc;-;28.8
VAR_Cap;2081;ELCWOFL17;REG1;conv_nonuc;-;28.6671411257595
VAR_Cap;2082;ELCWOFL17;REG1;conv_nonuc;-;28.513617852658
VAR_Cap;2083;ELCWOFL17;REG1;conv_nonuc;-;29.8296416929599
VAR_Cap;2084;ELCWOFL17;REG1;conv_nonuc;-;30.24
VAR_Cap;2085;ELCWOFL17;REG1;conv_nonuc;-;30.6
VAR_Cap;2086;ELCWOFL17;REG1;conv_nonuc;-;30.96
VAR_Cap;2087;ELCWOFL17;REG1;conv_nonuc;-;31.32
VAR_Cap;2088;ELCWOFL17;REG1;conv_nonuc;-;31.3630837788054
VAR_Cap;2089;ELCWOFL17;REG1;conv_nonuc;-;30.2220680668832
VAR_Cap;2090;ELCWOFL17;REG1;conv_nonuc;-;29.081052354961
VAR_Cap;2091;ELCWOFL17;REG1;conv_nonuc;-;27.945032947421
VAR_Cap;2092;ELCWOFL17;REG1;conv_nonuc;-;26.809013539881
VAR_Cap;2093;ELCWOFL17;REG1;conv_nonuc;-;25.672994132341
VAR_Cap;2094;ELCWOFL17;REG1;conv_nonuc;-;24.493092722982
VAR_Cap;2095;ELCWOFL17;REG1;conv_nonuc;-;23.2958392469837
VAR_Cap;2096;ELCWOFL17;REG1;conv_nonuc;-;22.0807081330083
VAR_Cap;2097;ELCWOFL17;REG1;conv_nonuc;-;20.9396668645948
VAR_Cap;2098;ELCWOFL17;REG1;conv_nonuc;-;20.0696668645948
VAR_Cap;2099;ELCWOFL17;REG1;conv_nonuc;-;19.1996668645948
VAR_Cap;2100;ELCWOFL17;REG1;conv_nonuc;-;18.3296668645948
VAR_Cap;2037;ELCWOFX17;REG1;conv_nonuc;-;0.950412894888372
VAR_Cap;2038;ELCWOFX17;REG1;conv_nonuc;-;2.14049547386605
VAR_Cap;2039;ELCWOFX17;REG1;conv_nonuc;-;3.56859456863926
VAR_Cap;2040;ELCWOFX17;REG1;conv_nonuc;-;5.28231348236711
VAR_Cap;2041;ELCWOFX17;REG1;conv_nonuc;-;7.33877617884053
VAR_Cap;2042;ELCWOFX17;REG1;conv_nonuc;-;9.80653141460863
VAR_Cap;2043;ELCWOFX17;REG1;conv_nonuc;-;12.7678376975304
VAR_Cap;2044;ELCWOFX17;REG1;conv_nonuc;-;16.3214052370364
VAR_Cap;2045;ELCWOFX17;REG1;conv_nonuc;-;17
VAR_Cap;2046;ELCWOFX17;REG1;conv_nonuc;-;17.4
VAR_Cap;2047;ELCWOFX17;REG1;conv_nonuc;-;17.8
VAR_Cap;2048;ELCWOFX17;REG1;conv_nonuc;-;18.2
VAR_Cap;2049;ELCWOFX17;REG1;conv_nonuc;-;18.6
VAR_Cap;2050;ELCWOFX17;REG1;conv_nonuc;-;19
VAR_Cap;2051;ELCWOFX17;REG1;conv_nonuc;-;19.38
VAR_Cap;2052;ELCWOFX17;REG1;conv_nonuc;-;19.76
VAR_Cap;2053;ELCWOFX17;REG1;conv_nonuc;-;20.14
VAR_Cap;2054;ELCWOFX17;REG1;conv_nonuc;-;20.52
VAR_Cap;2055;ELCWOFX17;REG1;conv_nonuc;-;20.9
VAR_Cap;2056;ELCWOFX17;REG1;conv_nonuc;-;21.28
VAR_Cap;2057;ELCWOFX17;REG1;conv_nonuc;-;21.66
VAR_Cap;2058;ELCWOFX17;REG1;conv_nonuc;-;22.04
VAR_Cap;2059;ELCWOFX17;REG1;conv_nonuc;-;22.42
VAR_Cap;2060;ELCWOFX17;REG1;conv_nonuc;-;22.8
VAR_Cap;2061;ELCWOFX17;REG1;conv_nonuc;-;23.18
VAR_Cap;2062;ELCWOFX17;REG1;conv_nonuc;-;23.56
VAR_Cap;2063;ELCWOFX17;REG1;conv_nonuc;-;23.94
VAR_Cap;2064;ELCWOFX17;REG1;conv_nonuc;-;24.32
VAR_Cap;2065;ELCWOFX17;REG1;conv_nonuc;-;24.7
VAR_Cap;2066;ELCWOFX17;REG1;conv_nonuc;-;25.08
VAR_Cap;2067;ELCWOFX17;REG1;conv_nonuc;-;25.46
VAR_Cap;2068;ELCWOFX17;REG1;conv_nonuc;-;25.84
VAR_Cap;2069;ELCWOFX17;REG1;conv_nonuc;-;26.22
VAR_Cap;2070;ELCWOFX17;REG1;conv_nonuc;-;26.6
VAR_Cap;2071;ELCWOFX17;REG1;conv_nonuc;-;26.98
VAR_Cap;2072;ELCWOFX17;REG1;conv_nonuc;-;27.36
VAR_Cap;2073;ELCWOFX17;REG1;conv_nonuc;-;27.74
VAR_Cap;2074;ELCWOFX17;REG1;conv_nonuc;-;28.12
VAR_Cap;2075;ELCWOFX17;REG1;conv_nonuc;-;28.5
VAR_Cap;2076;ELCWOFX17;REG1;conv_nonuc;-;28.88
VAR_Cap;2077;ELCWOFX17;REG1;conv_nonuc;-;29.26
VAR_Cap;2078;ELCWOFX17;REG1;conv_nonuc;-;29.64
VAR_Cap;2079;ELCWOFX17;REG1;conv_nonuc;-;30.02
VAR_Cap;2080;ELCWOFX17;REG1;conv_nonuc;-;30.4
VAR_Cap;2081;ELCWOFX17;REG1;conv_nonuc;-;30.78
VAR_Cap;2082;ELCWOFX17;REG1;conv_nonuc;-;31.16
VAR_Cap;2083;ELCWOFX17;REG1;conv_nonuc;-;31.54
VAR_Cap;2084;ELCWOFX17;REG1;conv_nonuc;-;31.92
VAR_Cap;2085;ELCWOFX17;REG1;conv_nonuc;-;32.3
VAR_Cap;2086;ELCWOFX17;REG1;conv_nonuc;-;32.68
VAR_Cap;2087;ELCWOFX17;REG1;conv_nonuc;-;33.06
VAR_Cap;2088;ELCWOFX17;REG1;conv_nonuc;-;33.44
VAR_Cap;2089;ELCWOFX17;REG1;conv_nonuc;-;33.82
VAR_Cap;2090;ELCWOFX17;REG1;conv_nonuc;-;34.2
VAR_Cap;2091;ELCWOFX17;REG1;conv_nonuc;-;34.58
VAR_Cap;2092;ELCWOFX17;REG1;conv_nonuc;-;34.96
VAR_Cap;2093;ELCWOFX17;REG1;conv_nonuc;-;35.34
VAR_Cap;2094;ELCWOFX17;REG1;conv_nonuc;-;35.72
VAR_Cap;2095;ELCWOFX17;REG1;conv_nonuc;-;36.1
VAR_Cap;2096;ELCWOFX17;REG1;conv_nonuc;-;36.48
VAR_Cap;2097;ELCWOFX17;REG1;conv_nonuc;-;36.86
VAR_Cap;2098;ELCWOFX17;REG1;conv_nonuc;-;36.9689587315863
VAR_Cap;2099;ELCWOFX17;REG1;conv_nonuc;-;37.0779174631726
VAR_Cap;2100;ELCWOFX17;REG1;conv_nonuc;-;37.1868761947589
VAR_Cap;2029;ELCWON17;REG1;conv_nonuc;-;4.49469007460774E-02
VAR_Cap;2030;ELCWON17;REG1;conv_nonuc;-;0.140302970969897
VAR_Cap;2031;ELCWON17;REG1;conv_nonuc;-;1.62601473522858
VAR_Cap;2032;ELCWON17;REG1;conv_nonuc;-;3.90212276133789
VAR_Cap;2033;ELCWON17;REG1;conv_nonuc;-;6.87765345167236
VAR_Cap;2034;ELCWON17;REG1;conv_nonuc;-;10.5970668145904
VAR_Cap;2035;ELCWON17;REG1;conv_nonuc;-;15.2463335182381
VAR_Cap;2036;ELCWON17;REG1;conv_nonuc;-;21.0579168977976
VAR_Cap;2037;ELCWON17;REG1;conv_nonuc;-;25.580087871502
VAR_Cap;2038;ELCWON17;REG1;conv_nonuc;-;30.3419769747824
VAR_Cap;2039;ELCWON17;REG1;conv_nonuc;-;34.0444769086238
VAR_Cap;2040;ELCWON17;REG1;conv_nonuc;-;38
VAR_Cap;2041;ELCWON17;REG1;conv_nonuc;-;38
VAR_Cap;2042;ELCWON17;REG1;conv_nonuc;-;38
VAR_Cap;2043;ELCWON17;REG1;conv_nonuc;-;38
VAR_Cap;2044;ELCWON17;REG1;conv_nonuc;-;38
VAR_Cap;2045;ELCWON17;REG1;conv_nonuc;-;38
VAR_Cap;2046;ELCWON17;REG1;conv_nonuc;-;38
VAR_Cap;2047;ELCWON17;REG1;conv_nonuc;-;38
VAR_Cap;2048;ELCWON17;REG1;conv_nonuc;-;38
VAR_Cap;2049;ELCWON17;REG1;conv_nonuc;-;38
VAR_Cap;2050;ELCWON17;REG1;conv_nonuc;-;38
VAR_Cap;2051;ELCWON17;REG1;conv_nonuc;-;38.76
VAR_Cap;2052;ELCWON17;REG1;conv_nonuc;-;39.52
VAR_Cap;2053;ELCWON17;REG1;conv_nonuc;-;40.28
VAR_Cap;2054;ELCWON17;REG1;conv_nonuc;-;41.04
VAR_Cap;2055;ELCWON17;REG1;conv_nonuc;-;41.8
VAR_Cap;2056;ELCWON17;REG1;conv_nonuc;-;42.56
VAR_Cap;2057;ELCWON17;REG1;conv_nonuc;-;43.32
VAR_Cap;2058;ELCWON17;REG1;conv_nonuc;-;44.08
VAR_Cap;2059;ELCWON17;REG1;conv_nonuc;-;44.84
VAR_Cap;2060;ELCWON17;REG1;conv_nonuc;-;45.6
VAR_Cap;2061;ELCWON17;REG1;conv_nonuc;-;46.36
VAR_Cap;2062;ELCWON17;REG1;conv_nonuc;-;47.12
VAR_Cap;2063;ELCWON17;REG1;conv_nonuc;-;47.88
VAR_Cap;2064;ELCWON17;REG1;conv_nonuc;-;48.64
VAR_Cap;2065;ELCWON17;REG1;conv_nonuc;-;49.4
VAR_Cap;2066;ELCWON17;REG1;conv_nonuc;-;50.16
VAR_Cap;2067;ELCWON17;REG1;conv_nonuc;-;50.92
VAR_Cap;2068;ELCWON17;REG1;conv_nonuc;-;51.68
VAR_Cap;2069;ELCWON17;REG1;conv_nonuc;-;52.44
VAR_Cap;2070;ELCWON17;REG1;conv_nonuc;-;53.2
VAR_Cap;2071;ELCWON17;REG1;conv_nonuc;-;53.96
VAR_Cap;2072;ELCWON17;REG1;conv_nonuc;-;54.72
VAR_Cap;2073;ELCWON17;REG1;conv_nonuc;-;55.48
VAR_Cap;2074;ELCWON17;REG1;conv_nonuc;-;56.24
VAR_Cap;2075;ELCWON17;REG1;conv_nonuc;-;57
VAR_Cap;2076;ELCWON17;REG1;conv_nonuc;-;57.76
VAR_Cap;2077;ELCWON17;REG1;conv_nonuc;-;58.52
VAR_Cap;2078;ELCWON17;REG1;conv_nonuc;-;59.28
VAR_Cap;2079;ELCWON17;REG1;conv_nonuc;-;60.04
VAR_Cap;2080;ELCWON17;REG1;conv_nonuc;-;60.8
VAR_Cap;2081;ELCWON17;REG1;conv_nonuc;-;61.56
VAR_Cap;2082;ELCWON17;REG1;conv_nonuc;-;62.32
VAR_Cap;2083;ELCWON17;REG1;conv_nonuc;-;63.08
VAR_Cap;2084;ELCWON17;REG1;conv_nonuc;-;63.84
VAR_Cap;2085;ELCWON17;REG1;conv_nonuc;-;64.6
VAR_Cap;2086;ELCWON17;REG1;conv_nonuc;-;65.36
VAR_Cap;2087;ELCWON17;REG1;conv_nonuc;-;66.12
VAR_Cap;2088;ELCWON17;REG1;conv_nonuc;-;66.88
VAR_Cap;2089;ELCWON17;REG1;conv_nonuc;-;67.64
VAR_Cap;2090;ELCWON17;REG1;conv_nonuc;-;68.4
VAR_Cap;2091;ELCWON17;REG1;conv_nonuc;-;69.16
VAR_Cap;2092;ELCWON17;REG1;conv_nonuc;-;69.92
VAR_Cap;2093;ELCWON17;REG1;conv_nonuc;-;70.68
VAR_Cap;2094;ELCWON17;REG1;conv_nonuc;-;71.44
VAR_Cap;2095;ELCWON17;REG1;conv_nonuc;-;72.2
VAR_Cap;2096;ELCWON17;REG1;conv_nonuc;-;72.96
VAR_Cap;2097;ELCWON17;REG1;conv_nonuc;-;73.72
VAR_Cap;2098;ELCWON17;REG1;conv_nonuc;-;74.48
VAR_Cap;2099;ELCWON17;REG1;conv_nonuc;-;75.24
VAR_Cap;2100;ELCWON17;REG1;conv_nonuc;-;76
VAR_Cap;2029;STGLION17;REG1;conv_nonuc;-;0.54898989576491
VAR_Cap;2030;STGLION17;REG1;conv_nonuc;-;1.71368686449438
VAR_Cap;2031;STGLION17;REG1;conv_nonuc;-;3.2277929238427
VAR_Cap;2032;STGLION17;REG1;conv_nonuc;-;5.19613080099551
VAR_Cap;2033;STGLION17;REG1;conv_nonuc;-;7.75497004129416
VAR_Cap;2034;STGLION17;REG1;conv_nonuc;-;11.0814610536824
VAR_Cap;2035;STGLION17;REG1;conv_nonuc;-;15.4058993697871
VAR_Cap;2036;STGLION17;REG1;conv_nonuc;-;21.0276691807233
VAR_Cap;2037;STGLION17;REG1;conv_nonuc;-;28.3359699349403
VAR_Cap;2038;STGLION17;REG1;conv_nonuc;-;37.8367609154223
VAR_Cap;2039;STGLION17;REG1;conv_nonuc;-;50.187789190049
VAR_Cap;2040;STGLION17;REG1;conv_nonuc;-;66.2441259470638
VAR_Cap;2041;STGLION17;REG1;conv_nonuc;-;87.1173637311829
VAR_Cap;2042;STGLION17;REG1;conv_nonuc;-;114.252572850538
VAR_Cap;2043;STGLION17;REG1;conv_nonuc;-;149.528344705699
VAR_Cap;2044;STGLION17;REG1;conv_nonuc;-;195.386848117409
VAR_Cap;2045;STGLION17;REG1;conv_nonuc;-;255.002902552631
VAR_Cap;2046;STGLION17;REG1;conv_nonuc;-;332.503773318421
VAR_Cap;2047;STGLION17;REG1;conv_nonuc;-;433.254905313947
VAR_Cap;2048;STGLION17;REG1;conv_nonuc;-;535.715633881466
VAR_Cap;2049;STGLION17;REG1;conv_nonuc;-;633.234933852075
VAR_Cap;2050;STGLION17;REG1;conv_nonuc;-;737.90860098937
VAR_Cap;2051;STGLION17;REG1;conv_nonuc;-;758.511634409232
VAR_Cap;2052;STGLION17;REG1;conv_nonuc;-;785.089017488956
VAR_Cap;2053;STGLION17;REG1;conv_nonuc;-;812.031573146882
VAR_Cap;2054;STGLION17;REG1;conv_nonuc;-;839.014136259353
VAR_Cap;2055;STGLION17;REG1;conv_nonuc;-;866.038901339585
VAR_Cap;2056;STGLION17;REG1;conv_nonuc;-;893.328081878079
VAR_Cap;2057;STGLION17;REG1;conv_nonuc;-;856.651808546254
VAR_Cap;2058;STGLION17;REG1;conv_nonuc;-;819.899322793724
VAR_Cap;2059;STGLION17;REG1;conv_nonuc;-;783.103557398684
VAR_Cap;2060;STGLION17;REG1;conv_nonuc;-;746.280742227077
VAR_Cap;2061;STGLION17;REG1;conv_nonuc;-;714.710786569257
VAR_Cap;2062;STGLION17;REG1;conv_nonuc;-;695.866972806328
VAR_Cap;2063;STGLION17;REG1;conv_nonuc;-;677.538235656954
VAR_Cap;2064;STGLION17;REG1;conv_nonuc;-;659.790272271667
VAR_Cap;2065;STGLION17;REG1;conv_nonuc;-;642.207395117673
VAR_Cap;2066;STGLION17;REG1;conv_nonuc;-;624.247443429617
VAR_Cap;2067;STGLION17;REG1;conv_nonuc;-;605.20580053606
VAR_Cap;2068;STGLION17;REG1;conv_nonuc;-;584.986917380417
VAR_Cap;2069;STGLION17;REG1;conv_nonuc;-;566.214864771547
VAR_Cap;2070;STGLION17;REG1;conv_nonuc;-;547.739028388461
VAR_Cap;2071;STGLION17;REG1;conv_nonuc;-;536.318606782952
VAR_Cap;2072;STGLION17;REG1;conv_nonuc;-;510.754208850162
VAR_Cap;2073;STGLION17;REG1;conv_nonuc;-;492.261799081012
VAR_Cap;2074;STGLION17;REG1;conv_nonuc;-;473.769389311862
VAR_Cap;2075;STGLION17;REG1;conv_nonuc;-;455.276979542712
VAR_Cap;2076;STGLION17;REG1;conv_nonuc;-;436.784569773563
VAR_Cap;2077;STGLION17;REG1;conv_nonuc;-;418.292160004414
VAR_Cap;2078;STGLION17;REG1;conv_nonuc;-;400.006675801665
VAR_Cap;2079;STGLION17;REG1;conv_nonuc;-;381.775172400424
VAR_Cap;2080;STGLION17;REG1;conv_nonuc;-;363.576914508347
VAR_Cap;2081;STGLION17;REG1;conv_nonuc;-;363.576914508347
VAR_Cap;2082;STGLION17;REG1;conv_nonuc;-;352.304196127834
VAR_Cap;2083;STGLION17;REG1;conv_nonuc;-;324.348176292971
VAR_Cap;2084;STGLION17;REG1;conv_nonuc;-;294.979459542346
VAR_Cap;2085;STGLION17;REG1;conv_nonuc;-;277.876874605778
VAR_Cap;2086;STGLION17;REG1;conv_nonuc;-;260.774289669211
VAR_Cap;2087;STGLION17;REG1;conv_nonuc;-;243.671704732642
VAR_Cap;2088;STGLION17;REG1;conv_nonuc;-;230.166968960447
VAR_Cap;2089;STGLION17;REG1;conv_nonuc;-;230.104938478589
VAR_Cap;2090;STGLION17;REG1;conv_nonuc;-;230.042907996732
VAR_Cap;2091;STGLION17;REG1;conv_nonuc;-;230.042907996732
VAR_Cap;2092;STGLION17;REG1;conv_nonuc;-;230.042907996732
VAR_Cap;2093;STGLION17;REG1;conv_nonuc;-;230.042907996732
VAR_Cap;2094;STGLION17;REG1;conv_nonuc;-;228.335386989605
VAR_Cap;2095;STGLION17;REG1;conv_nonuc;-;224.838863391897
VAR_Cap;2096;STGLION17;REG1;conv_nonuc;-;220.250535637889
VAR_Cap;2097;STGLION17;REG1;conv_nonuc;-;220.186944397072
VAR_Cap;2098;STGLION17;REG1;conv_nonuc;-;220.123353156254
VAR_Cap;2099;STGLION17;REG1;conv_nonuc;-;220.059761915433
VAR_Cap;2100;STGLION17;REG1;conv_nonuc;-;219.996170674607
