Attribute;Commodity;Period;Process;Region;Scenario;TimeSlice;Vintage;PV
VAR_FOut;SELC;2017;FTE-SIMECC17;REG1;newtechs_nonuc;SDN;2017;46.0404347614472
VAR_FOut;SELC;2017;FTE-SIMECC17;REG1;newtechs_nonuc;SDW;2017;46.0404347614469
VAR_FOut;SELC;2026;FTE-SIMECC17;REG1;newtechs_nonuc;WDW;2023;267.139703134428
VAR_FOut;SELC;2032;FTE-SIMECC17;REG1;newtechs_nonuc;WDW;2017;6002.01509187944
VAR_FOut;SELC;2034;FTE-SIMECC17;REG1;newtechs_nonuc;WDW;2019;6257.16558902176
VAR_FOut;SELC;2036;FTE-SIMECC17;REG1;newtechs_nonuc;WDN;2020;765.217019276014
VAR_FOut;SELC;2036;FTE-SIMECC17;REG1;newtechs_nonuc;WDW;2030;8230.39755969376
VAR_FOut;SELC;2037;FTE-SIMECC17;REG1;newtechs_nonuc;WDW;2019;6002.01509187944
VAR_FOut;SELC;2037;FTE-SIMECC17;REG1;newtechs_nonuc;WDN;2021;4474.94759327431
VAR_FOut;SELC;2037;FTE-SIMECC17;REG1;newtechs_nonuc;WNW;2024;244.840045272092
VAR_FOut;SELC;2037;FTE-SIMECC17;REG1;newtechs_nonuc;SDW;2036;9003.02263781916
VAR_FOut;SELC;2038;FTE-SIMECC17;REG1;newtechs_nonuc;SDN;2030;9003.02263781916
VAR_FOut;SELC;2038;FTE-SIMECC17;REG1;newtechs_nonuc;SDW;2030;9003.02263781916
VAR_FOut;SELC;2039;FTE-SIMECC17;REG1;newtechs_nonuc;WDN;2027;6002.01509187944
VAR_FOut;SELC;2040;FTE-SIMECC17;REG1;newtechs_nonuc;WDN;2031;7126.41627442766
VAR_FOut;SELC;2040;FTE-SIMECC17;REG1;newtechs_nonuc;SDN;2039;9003.02263781916
VAR_FOut;SELC;2040;FTE-SIMECC17;REG1;newtechs_nonuc;WDW;2040;6002.01509187944
VAR_FOut;SELC;2041;FTE-SIMECC17;REG1;newtechs_nonuc;WDW;2017;7881.11388350037
VAR_FOut;SELC;2041;FTE-SIMECC17;REG1;newtechs_nonuc;WDN;2028;7003.7191118788
VAR_FOut;SELC;2041;FTE-SIMECC17;REG1;newtechs_nonuc;SDW;2035;9003.02263781916
VAR_FOut;SELC;2042;FTE-SIMECC17;REG1;newtechs_nonuc;WDW;2018;6002.01509187944
VAR_FOut;SELC;2042;FTE-SIMECC17;REG1;newtechs_nonuc;SDW;2039;9003.02263781916
VAR_FOut;SELC;2043;FTE-SIMECC17;REG1;newtechs_nonuc;WDW;2030;6002.01509187944
VAR_FOut;SELC;2043;FTE-SIMECC17;REG1;newtechs_nonuc;SDN;2041;9003.02263781916
VAR_FOut;SELC;2043;FTE-SIMECC17;REG1;newtechs_nonuc;SDW;2042;9003.02263781916
VAR_FOut;SELC;2044;FTE-SIMECC17;REG1;newtechs_nonuc;SDW;2028;9003.02263781916
VAR_FOut;SELC;2045;FTE-SIMECC17;REG1;newtechs_nonuc;SDW;2042;9003.02263781916
VAR_FOut;SELC;2045;FTE-SIMECC17;REG1;newtechs_nonuc;SDN;2045;9003.02263781916
VAR_FOut;SELC;2046;FTE-SIMECC17;REG1;newtechs_nonuc;SDN;2026;9003.02263781916
VAR_FOut;SELC;2046;FTE-SIMECC17;REG1;newtechs_nonuc;WDW;2033;6002.01509187944
VAR_FOut;SELC;2046;FTE-SIMECC17;REG1;newtechs_nonuc;SDW;2045;9003.02263781916
VAR_FOut;SELC;2048;FTE-SIMECC17;REG1;newtechs_nonuc;SDN;2027;7689.02263781916
VAR_FOut;SELC;2048;FTE-SIMECC17;REG1;newtechs_nonuc;SDW;2040;7689.02263781916
VAR_FOut;SELC;2049;FTE-SIMECC17;REG1;newtechs_nonuc;SDW;2027;6506.42263781916
VAR_FOut;SELC;2050;FTE-SIMECC17;REG1;newtechs_nonuc;WDN;2027;3155.01509187944
VAR_FOut;SELC;2051;FTE-SIMECC17;REG1;newtechs_nonuc;WDW;2023;1942.48466441734
VAR_FOut;SELC;2053;FTE-SIMECC17;REG1;newtechs_nonuc;SNW;2045;9096.95537847648
VAR_FOut;SELC;2053;FTE-SIMECC17;REG1;newtechs_nonuc;WNW;2045;9096.95537847648
VAR_FOut;SELC;2054;FTE-SIMECC17;REG1;newtechs_nonuc;SDN;2023;2733.42599120163
VAR_FOut;SELC;2054;FTE-SIMECC17;REG1;newtechs_nonuc;SDW;2023;2733.42599120163
VAR_FOut;SELC;2054;FTE-SIMECC17;REG1;newtechs_nonuc;WDW;2023;1822.28399413442
VAR_FOut;SELC;2055;FTE-SIMECC17;REG1;newtechs_nonuc;SDN;2019;2740.84325240355
VAR_FOut;SELC;2055;FTE-SIMECC17;REG1;newtechs_nonuc;WDW;2027;1827.2288349357
VAR_FOut;SELC;2056;FTE-SIMECC17;REG1;newtechs_nonuc;SDW;2027;2736.62617521395
VAR_FOut;SELC;2056;FTE-SIMECC17;REG1;newtechs_nonuc;WDW;2027;1824.41745014259
VAR_FOut;SELC;2057;FTE-SIMECC17;REG1;newtechs_nonuc;WDW;2027;1834.77353751915
VAR_FOut;SELC;2058;FTE-SIMECC17;REG1;newtechs_nonuc;SDN;2027;2766.62613681283
VAR_FOut;SELC;2058;FTE-SIMECC17;REG1;newtechs_nonuc;WDW;2027;1844.41742454189
VAR_FOut;SELC;2059;FTE-SIMECC17;REG1;newtechs_nonuc;SDN;2027;2779.06645926855
VAR_FOut;SELC;2059;FTE-SIMECC17;REG1;newtechs_nonuc;WDN;2027;1852.7109728457
VAR_FOut;SELC;2059;FTE-SIMECC17;REG1;newtechs_nonuc;WDW;2027;1852.71097284524
VAR_FOut;SELC;2060;FTE-SIMECC17;REG1;newtechs_nonuc;SDN;2027;2793.11941410139
VAR_FOut;SELC;2060;FTE-SIMECC17;REG1;newtechs_nonuc;WDN;2027;1862.07960940093
VAR_FOut;SELC;2060;FTE-SIMECC17;REG1;newtechs_nonuc;WDW;2027;1862.07960940093
VAR_FOut;SELC;2061;FTE-SIMECC17;REG1;newtechs_nonuc;SDW;2034;2795.92714012129
VAR_FOut;SELC;2061;FTE-SIMECC17;REG1;newtechs_nonuc;SDN;2044;2795.92714012129
VAR_FOut;SELC;2061;FTE-SIMECC17;REG1;newtechs_nonuc;WDW;2046;1863.95142674753
VAR_FOut;SELC;2062;FTE-SIMECC17;REG1;newtechs_nonuc;SDW;2042;2906.2093987005
VAR_FOut;SELC;2063;FTE-SIMECC17;REG1;newtechs_nonuc;SDW;2024;2910.3710364629
VAR_FOut;SELC;2064;FTE-SIMECC17;REG1;newtechs_nonuc;WDN;2039;1942.16074232751
VAR_FOut;SELC;2064;FTE-SIMECC17;REG1;newtechs_nonuc;SDW;2045;2913.24111349127
VAR_FOut;SELC;2064;FTE-SIMECC17;REG1;newtechs_nonuc;WDW;2060;1942.16074232751
VAR_FOut;SELC;2065;FTE-SIMECC17;REG1;newtechs_nonuc;SDN;2033;2913.24111349127
VAR_FOut;SELC;2065;FTE-SIMECC17;REG1;newtechs_nonuc;WDN;2045;1942.16074232746
VAR_FOut;SELC;2066;FTE-SIMECC17;REG1;newtechs_nonuc;WDN;2038;1942.81462210708
VAR_FOut;SELC;2067;FTE-SIMECC17;REG1;newtechs_nonuc;SNW;2067;9852.82065025987
VAR_FOut;SELC;2068;FTE-SIMECC17;REG1;newtechs_nonuc;WNW;2046;9958.6046364657
VAR_FOut;SELC;2068;FTE-SIMECC17;REG1;newtechs_nonuc;WDW;2067;1991.72092729314
VAR_FOut;SELC;2069;FTE-SIMECC17;REG1;newtechs_nonuc;WDW;2067;2014.21402406324
VAR_FOut;SELC;2070;FTE-SIMECC17;REG1;newtechs_nonuc;WNW;2058;10108.9932713073
VAR_FOut;SELC;2071;FTE-SIMECC17;REG1;newtechs_nonuc;WNW;2050;10224.9428600642
VAR_FOut;SELC;2071;FTE-SIMECC17;REG1;newtechs_nonuc;WDW;2067;2044.98857201284
VAR_FOut;SELC;2072;FTE-SIMECC17;REG1;newtechs_nonuc;SNW;2033;10269.4468006068
VAR_FOut;SELC;2073;FTE-SIMECC17;REG1;newtechs_nonuc;WNW;2050;10285.8437676317
VAR_FOut;SELC;2074;FTE-SIMECC17;REG1;newtechs_nonuc;SNW;2041;10483.8377655554
VAR_FOut;SELC;2074;FTE-SIMECC17;REG1;newtechs_nonuc;WNW;2059;10483.8377655554
VAR_FOut;SELC;2075;FTE-SIMECC17;REG1;newtechs_nonuc;SNW;2052;10737.1928709317
VAR_FOut;SELC;2077;FTE-SIMECC17;REG1;newtechs_nonuc;SDN;2039;3382.41344385553
VAR_FOut;SELC;2077;FTE-SIMECC17;REG1;newtechs_nonuc;SDW;2039;3382.41344385553
VAR_FOut;SELC;2077;FTE-SIMECC17;REG1;newtechs_nonuc;WDN;2039;2254.94229590368
VAR_FOut;SELC;2078;FTE-SIMECC17;REG1;newtechs_nonuc;SDN;2039;3452.71679980529
VAR_FOut;SELC;2078;FTE-SIMECC17;REG1;newtechs_nonuc;SDW;2039;3452.71679980529
VAR_FOut;SELC;2078;FTE-SIMECC17;REG1;newtechs_nonuc;SNW;2056;11509.055999351
VAR_FOut;SELC;2079;FTE-SIMECC17;REG1;newtechs_nonuc;SDN;2039;3542.98721797136
VAR_FOut;SELC;2079;FTE-SIMECC17;REG1;newtechs_nonuc;SDW;2039;3542.98721797136
VAR_FOut;SELC;2080;FTE-SIMECC17;REG1;newtechs_nonuc;SDN;2050;3628.58828472886
VAR_FOut;SELC;2080;FTE-SIMECC17;REG1;newtechs_nonuc;SDW;2050;3628.58828472886
VAR_FOut;SELC;2080;FTE-SIMECC17;REG1;newtechs_nonuc;WDN;2050;2419.05885648591
VAR_FOut;SELC;2081;FTE-SIMECC17;REG1;newtechs_nonuc;SDN;2050;3629.05263297338
VAR_FOut;SELC;2081;FTE-SIMECC17;REG1;newtechs_nonuc;WDN;2050;2419.36842198226
VAR_FOut;SELC;2081;FTE-SIMECC17;REG1;newtechs_nonuc;SDW;2053;3629.05263297337
VAR_FOut;SELC;2082;FTE-SIMECC17;REG1;newtechs_nonuc;SDN;2050;3629.5169812179
VAR_FOut;SELC;2082;FTE-SIMECC17;REG1;newtechs_nonuc;SDW;2050;3629.5169812179
VAR_FOut;SELC;2082;FTE-SIMECC17;REG1;newtechs_nonuc;SNW;2050;22.2006532450268
VAR_FOut;SELC;2082;FTE-SIMECC17;REG1;newtechs_nonuc;WDN;2050;2419.6779874786
VAR_FOut;SELC;2083;FTE-SIMECC17;REG1;newtechs_nonuc;SDN;2034;3617.04081883594
VAR_FOut;SELC;2083;FTE-SIMECC17;REG1;newtechs_nonuc;SDW;2034;3617.04081883594
VAR_FOut;SELC;2083;FTE-SIMECC17;REG1;newtechs_nonuc;WDN;2034;2411.36054589063
VAR_FOut;SELC;2084;FTE-SIMECC17;REG1;newtechs_nonuc;SDW;2075;3604.56465645397
VAR_FOut;SELC;2084;FTE-SIMECC17;REG1;newtechs_nonuc;WDN;2075;2403.04310430288
VAR_FOut;SELC;2084;FTE-SIMECC17;REG1;newtechs_nonuc;WDW;2075;2403.04310430265
VAR_FOut;SELC;2084;FTE-SIMECC17;REG1;newtechs_nonuc;WNW;2075;12015.2155215132
VAR_FOut;SELC;2085;FTE-SIMECC17;REG1;newtechs_nonuc;SDN;2075;3592.088494072
VAR_FOut;SELC;2085;FTE-SIMECC17;REG1;newtechs_nonuc;SDW;2075;3592.08849407171
VAR_FOut;SELC;2085;FTE-SIMECC17;REG1;newtechs_nonuc;WDN;2075;2394.72566271467
VAR_FOut;SELC;2085;FTE-SIMECC17;REG1;newtechs_nonuc;WDW;2075;2394.72566271467
VAR_FOut;SELC;2086;FTE-SIMECC17;REG1;newtechs_nonuc;SDN;2075;3579.61233169003
VAR_FOut;SELC;2086;FTE-SIMECC17;REG1;newtechs_nonuc;SDW;2075;3579.61233169003
VAR_FOut;SELC;2086;FTE-SIMECC17;REG1;newtechs_nonuc;SNW;2075;11932.0411056334
VAR_FOut;SELC;2087;FTE-SIMECC17;REG1;newtechs_nonuc;SDN;2075;3582.77201648494
VAR_FOut;SELC;2087;FTE-SIMECC17;REG1;newtechs_nonuc;SDW;2075;3582.77201648494
VAR_FOut;SELC;2088;FTE-SIMECC17;REG1;newtechs_nonuc;SDN;2050;3632.30307068472
VAR_FOut;SELC;2088;FTE-SIMECC17;REG1;newtechs_nonuc;SDW;2050;3632.30307068502
VAR_FOut;SELC;2088;FTE-SIMECC17;REG1;newtechs_nonuc;WDN;2050;2421.53538045668
VAR_FOut;SELC;2088;FTE-SIMECC17;REG1;newtechs_nonuc;WDW;2050;2421.53538045668
VAR_FOut;SELC;2089;FTE-SIMECC17;REG1;newtechs_nonuc;SDW;2020;3632.76741892808
VAR_FOut;SELC;2089;FTE-SIMECC17;REG1;newtechs_nonuc;SDN;2031;3632.76741892997
VAR_FOut;SELC;2089;FTE-SIMECC17;REG1;newtechs_nonuc;WNW;2065;12109.2247297653
VAR_FOut;SELC;2089;FTE-SIMECC17;REG1;newtechs_nonuc;SNW;2069;12109.2247297653
VAR_FOut;SELC;2090;FTE-SIMECC17;REG1;newtechs_nonuc;SNW;2045;12110.7725572469
VAR_FOut;SELC;2090;FTE-SIMECC17;REG1;newtechs_nonuc;SDN;2081;3633.23176717406
VAR_FOut;SELC;2090;FTE-SIMECC17;REG1;newtechs_nonuc;SDW;2089;3633.23176717406
VAR_FOut;SELC;2091;FTE-SIMECC17;REG1;newtechs_nonuc;SDN;2083;3633.69611541895
VAR_FOut;SELC;2091;FTE-SIMECC17;REG1;newtechs_nonuc;SDW;2085;3633.6961154186
VAR_FOut;SELC;2091;FTE-SIMECC17;REG1;newtechs_nonuc;WNW;2085;12112.3203847287
VAR_FOut;SELC;2092;FTE-SIMECC17;REG1;newtechs_nonuc;SDN;2050;3634.1604636631
VAR_FOut;SELC;2092;FTE-SIMECC17;REG1;newtechs_nonuc;SDW;2077;3634.1604636631
VAR_FOut;SELC;2093;FTE-SIMECC17;REG1;newtechs_nonuc;SDW;2041;3634.62481190761
VAR_FOut;SELC;2093;FTE-SIMECC17;REG1;newtechs_nonuc;SDN;2081;3634.62481190779
VAR_FOut;SELC;2094;FTE-SIMECC17;REG1;newtechs_nonuc;WDN;2044;2423.39277343476
VAR_FOut;SELC;2094;FTE-SIMECC17;REG1;newtechs_nonuc;SDN;2060;3635.08916015214
VAR_FOut;SELC;2094;FTE-SIMECC17;REG1;newtechs_nonuc;SDW;2060;3635.08916015214
VAR_FOut;SELC;2095;FTE-SIMECC17;REG1;newtechs_nonuc;SDN;2077;3635.55350839657
VAR_FOut;SELC;2095;FTE-SIMECC17;REG1;newtechs_nonuc;SDW;2077;3635.55350839667
VAR_FOut;SELC;2096;FTE-SIMECC17;REG1;newtechs_nonuc;SDN;2018;3636.01785664118
VAR_FOut;SELC;2096;FTE-SIMECC17;REG1;newtechs_nonuc;SDW;2018;3636.01785664118
VAR_FOut;SELC;2097;FTE-SIMECC17;REG1;newtechs_nonuc;SDN;2077;3636.4822048857
VAR_FOut;SELC;2097;FTE-SIMECC17;REG1;newtechs_nonuc;SDW;2077;3636.4822048857
VAR_FOut;SELC;2098;FTE-SIMECC17;REG1;newtechs_nonuc;SDN;2077;3636.94655313023
VAR_FOut;SELC;2098;FTE-SIMECC17;REG1;newtechs_nonuc;SDW;2077;3636.94655313031
VAR_FOut;SELC;2099;FTE-SIMECC17;REG1;newtechs_nonuc;SDN;2077;3637.41090137475
VAR_FOut;SELC;2099;FTE-SIMECC17;REG1;newtechs_nonuc;SDW;2077;3637.41090137475
VAR_FOut;SELC;2099;FTE-SIMECC17;REG1;newtechs_nonuc;WDW;2077;2424.9406009165
VAR_FOut;SELC;2100;FTE-SIMECC17;REG1;newtechs_nonuc;SDN;2066;3637.87524961927
VAR_FOut;SELC;2100;FTE-SIMECC17;REG1;newtechs_nonuc;SDW;2066;3637.87524961927
VAR_FOut;SELC;2100;FTE-SIMECC17;REG1;newtechs_nonuc;WDN;2066;2425.25016641285
VAR_FOut;SELC;2033;FTE-SIMECCSG22;REG1;newtechs_nonuc;WDW;2023;81.7917286976669
VAR_FOut;SELC;2035;FTE-SIMECCSG22;REG1;newtechs_nonuc;WDW;2028;92.7348740538101
VAR_FOut;SELC;2038;FTE-SIMECCSG22;REG1;newtechs_nonuc;SDN;2027;139.102311080715
VAR_FOut;SELC;2038;FTE-SIMECCSG22;REG1;newtechs_nonuc;SDW;2032;139.102311080715
VAR_FOut;SELC;2040;FTE-SIMECCSG22;REG1;newtechs_nonuc;WNW;2033;463.67437026905
VAR_FOut;SELC;2041;FTE-SIMECCSG22;REG1;newtechs_nonuc;SDW;2038;139.102311080715
VAR_FOut;SELC;2042;FTE-SIMECCSG22;REG1;newtechs_nonuc;WDN;2037;92.7348740538101
VAR_FOut;SELC;2043;FTE-SIMECCSG22;REG1;newtechs_nonuc;SDW;2023;139.102311080018
VAR_FOut;SELC;2043;FTE-SIMECCSG22;REG1;newtechs_nonuc;WDN;2041;92.7348740538101
VAR_FOut;SELC;2044;FTE-SIMECCSG22;REG1;newtechs_nonuc;SDW;2034;338.51300440493
VAR_FOut;SELC;2044;FTE-SIMECCSG22;REG1;newtechs_nonuc;WDN;2044;225.675336269953
VAR_FOut;SELC;2045;FTE-SIMECCSG22;REG1;newtechs_nonuc;SDW;2028;597.746905726409
VAR_FOut;SELC;2045;FTE-SIMECCSG22;REG1;newtechs_nonuc;WDW;2040;398.497937150939
VAR_FOut;SELC;2045;FTE-SIMECCSG22;REG1;newtechs_nonuc;WDN;2041;398.497937150939
VAR_FOut;SELC;2046;FTE-SIMECCSG22;REG1;newtechs_nonuc;WDN;2027;541.808911943009
VAR_FOut;SELC;2046;FTE-SIMECCSG22;REG1;newtechs_nonuc;WDW;2027;541.808911943009
VAR_FOut;SELC;2046;FTE-SIMECCSG22;REG1;newtechs_nonuc;SDW;2034;812.713367914514
VAR_FOut;SELC;2046;FTE-SIMECCSG22;REG1;newtechs_nonuc;SDN;2044;812.713367914514
VAR_FOut;SELC;2046;FTE-SIMECCSG22;REG1;newtechs_nonuc;WNW;2045;2709.04455971505
VAR_FOut;SELC;2047;FTE-SIMECCSG22;REG1;newtechs_nonuc;SNW;2036;4047.35792762956
VAR_FOut;SELC;2047;FTE-SIMECCSG22;REG1;newtechs_nonuc;SDN;2045;1214.20737828887
VAR_FOut;SELC;2049;FTE-SIMECCSG22;REG1;newtechs_nonuc;WDN;2027;1609.78297953879
VAR_FOut;SELC;2050;FTE-SIMECCSG22;REG1;newtechs_nonuc;WDW;2023;6802.82676406156
VAR_FOut;SELC;2050;FTE-SIMECCSG22;REG1;newtechs_nonuc;WDN;2026;6802.82676406156
VAR_FOut;SELC;2054;FTE-SIMECCSG22;REG1;newtechs_nonuc;SDN;2023;3061.2720438277
VAR_FOut;SELC;2054;FTE-SIMECCSG22;REG1;newtechs_nonuc;SDW;2023;3061.2720438277
VAR_FOut;SELC;2055;FTE-SIMECCSG22;REG1;newtechs_nonuc;SDN;2027;3061.2720438277
VAR_FOut;SELC;2056;FTE-SIMECCSG22;REG1;newtechs_nonuc;WDW;2027;2040.84802921847
VAR_FOut;SELC;2058;FTE-SIMECCSG22;REG1;newtechs_nonuc;SDN;2027;3061.2720438277
VAR_FOut;SELC;2058;FTE-SIMECCSG22;REG1;newtechs_nonuc;WDW;2027;2040.84802921847
VAR_FOut;SELC;2059;FTE-SIMECCSG22;REG1;newtechs_nonuc;SDN;2027;3061.2720438277
VAR_FOut;SELC;2059;FTE-SIMECCSG22;REG1;newtechs_nonuc;SDW;2027;3061.2720438277
VAR_FOut;SELC;2059;FTE-SIMECCSG22;REG1;newtechs_nonuc;WDN;2027;2040.84802921847
VAR_FOut;SELC;2059;FTE-SIMECCSG22;REG1;newtechs_nonuc;WDW;2027;2040.84802921847
VAR_FOut;SELC;2059;FTE-SIMECCSG22;REG1;newtechs_nonuc;WNW;2027;11192.7376915954
VAR_FOut;SELC;2060;FTE-SIMECCSG22;REG1;newtechs_nonuc;SDN;2027;3061.2720438277
VAR_FOut;SELC;2060;FTE-SIMECCSG22;REG1;newtechs_nonuc;SDW;2027;3061.2720438277
VAR_FOut;SELC;2060;FTE-SIMECCSG22;REG1;newtechs_nonuc;WDN;2027;2040.84802921847
VAR_FOut;SELC;2060;FTE-SIMECCSG22;REG1;newtechs_nonuc;WDW;2027;2040.84802921847
VAR_FOut;SELC;2060;FTE-SIMECCSG22;REG1;newtechs_nonuc;WNW;2027;11102.5490217905
VAR_FOut;SELC;2061;FTE-SIMECCSG22;REG1;newtechs_nonuc;SDN;2028;3061.2720438277
VAR_FOut;SELC;2061;FTE-SIMECCSG22;REG1;newtechs_nonuc;WNW;2034;11391.3546025055
VAR_FOut;SELC;2061;FTE-SIMECCSG22;REG1;newtechs_nonuc;SNW;2044;10204.2401460923
VAR_FOut;SELC;2061;FTE-SIMECCSG22;REG1;newtechs_nonuc;WDW;2050;2040.84802921847
VAR_FOut;SELC;2062;FTE-SIMECCSG22;REG1;newtechs_nonuc;SDN;2060;2971.93394311677
VAR_FOut;SELC;2062;FTE-SIMECCSG22;REG1;newtechs_nonuc;WNW;2062;9906.44647705601
VAR_FOut;SELC;2063;FTE-SIMECCSG22;REG1;newtechs_nonuc;SDW;2040;2938.5844507812
VAR_FOut;SELC;2064;FTE-SIMECCSG22;REG1;newtechs_nonuc;WNW;2048;11136.2618533569
VAR_FOut;SELC;2065;FTE-SIMECCSG22;REG1;newtechs_nonuc;WDN;2039;1948.11315516466
VAR_FOut;SELC;2065;FTE-SIMECCSG22;REG1;newtechs_nonuc;SDN;2056;2922.16973274698
VAR_FOut;SELC;2065;FTE-SIMECCSG22;REG1;newtechs_nonuc;SNW;2059;9740.56577582328
VAR_FOut;SELC;2066;FTE-SIMECCSG22;REG1;newtechs_nonuc;SNW;2064;9740.56577582328
VAR_FOut;SELC;2067;FTE-SIMECCSG22;REG1;newtechs_nonuc;WNW;2059;11180.3759260534
VAR_FOut;SELC;2067;FTE-SIMECCSG22;REG1;newtechs_nonuc;SDN;2065;2922.16973274698
VAR_FOut;SELC;2068;FTE-SIMECCSG22;REG1;newtechs_nonuc;SNW;2068;9740.56577582328
VAR_FOut;SELC;2069;FTE-SIMECCSG22;REG1;newtechs_nonuc;WNW;2050;9740.56577582328
VAR_FOut;SELC;2069;FTE-SIMECCSG22;REG1;newtechs_nonuc;SNW;2055;9740.56577582328
VAR_FOut;SELC;2070;FTE-SIMECCSG22;REG1;newtechs_nonuc;SDW;2049;2922.16973274698
VAR_FOut;SELC;2071;FTE-SIMECCSG22;REG1;newtechs_nonuc;SNW;2053;9740.56577582328
VAR_FOut;SELC;2071;FTE-SIMECCSG22;REG1;newtechs_nonuc;SDN;2057;2922.16973274698
VAR_FOut;SELC;2071;FTE-SIMECCSG22;REG1;newtechs_nonuc;WNW;2062;9740.56577582328
VAR_FOut;SELC;2072;FTE-SIMECCSG22;REG1;newtechs_nonuc;WDN;2053;1948.11315516466
VAR_FOut;SELC;2072;FTE-SIMECCSG22;REG1;newtechs_nonuc;WNW;2053;9740.56577582344
VAR_FOut;SELC;2072;FTE-SIMECCSG22;REG1;newtechs_nonuc;WDW;2070;1948.11315516466
VAR_FOut;SELC;2073;FTE-SIMECCSG22;REG1;newtechs_nonuc;SNW;2025;9740.56577582328
VAR_FOut;SELC;2073;FTE-SIMECCSG22;REG1;newtechs_nonuc;SDN;2068;2922.16973274698
VAR_FOut;SELC;2073;FTE-SIMECCSG22;REG1;newtechs_nonuc;WNW;2072;9740.56577582328
VAR_FOut;SELC;2074;FTE-SIMECCSG22;REG1;newtechs_nonuc;WDN;2059;1815.17269294851
VAR_FOut;SELC;2075;FTE-SIMECCSG22;REG1;newtechs_nonuc;WNW;2039;8211.75046033764
VAR_FOut;SELC;2076;FTE-SIMECCSG22;REG1;newtechs_nonuc;SDW;2053;2248.55867591319
VAR_FOut;SELC;2077;FTE-SIMECCSG22;REG1;newtechs_nonuc;SDN;2039;1847.06466553883
VAR_FOut;SELC;2077;FTE-SIMECCSG22;REG1;newtechs_nonuc;SDW;2039;1847.06466553883
VAR_FOut;SELC;2077;FTE-SIMECCSG22;REG1;newtechs_nonuc;WDN;2039;1231.37644369255
VAR_FOut;SELC;2078;FTE-SIMECCSG22;REG1;newtechs_nonuc;SDN;2039;1325.12245205217
VAR_FOut;SELC;2078;FTE-SIMECCSG22;REG1;newtechs_nonuc;SDW;2039;1325.12245205217
VAR_FOut;SELC;2079;FTE-SIMECCSG22;REG1;newtechs_nonuc;SDN;2039;646.597574519512
VAR_FOut;SELC;2028;FTE-SIMEHYD17;REG1;newtechs_nonuc;WDW;2019;2236.94690533459
VAR_FOut;SELC;2029;FTE-SIMEHYD17;REG1;newtechs_nonuc;WDW;2017;3433.91828304
VAR_FOut;SELC;2032;FTE-SIMEHYD17;REG1;newtechs_nonuc;WDW;2023;3433.91828304
VAR_FOut;SELC;2033;FTE-SIMEHYD17;REG1;newtechs_nonuc;SDW;2028;5150.87742456
VAR_FOut;SELC;2034;FTE-SIMEHYD17;REG1;newtechs_nonuc;SDW;2030;5150.87742456
VAR_FOut;SELC;2036;FTE-SIMEHYD17;REG1;newtechs_nonuc;SDW;2031;5150.87742456
VAR_FOut;SELC;2037;FTE-SIMEHYD17;REG1;newtechs_nonuc;SDN;2024;5150.87742456
VAR_FOut;SELC;2038;FTE-SIMEHYD17;REG1;newtechs_nonuc;SDN;2032;1973.4159290681
VAR_FOut;SELC;2038;FTE-SIMEHYD17;REG1;newtechs_nonuc;WDW;2034;3433.91828304
VAR_FOut;SELC;2038;FTE-SIMEHYD17;REG1;newtechs_nonuc;SDW;2036;5150.87742456
VAR_FOut;SELC;2039;FTE-SIMEHYD17;REG1;newtechs_nonuc;WDN;2029;3433.91828304
VAR_FOut;SELC;2039;FTE-SIMEHYD17;REG1;newtechs_nonuc;WDW;2031;3433.91828304
VAR_FOut;SELC;2042;FTE-SIMEHYD17;REG1;newtechs_nonuc;SDW;2023;5150.87742456
VAR_FOut;SELC;2042;FTE-SIMEHYD17;REG1;newtechs_nonuc;WDW;2026;3433.91828304
VAR_FOut;SELC;2042;FTE-SIMEHYD17;REG1;newtechs_nonuc;WDN;2029;3433.91828304
VAR_FOut;SELC;2043;FTE-SIMEHYD17;REG1;newtechs_nonuc;SDW;2017;5150.87742456
VAR_FOut;SELC;2043;FTE-SIMEHYD17;REG1;newtechs_nonuc;WDN;2029;3433.91828304
VAR_FOut;SELC;2043;FTE-SIMEHYD17;REG1;newtechs_nonuc;WDW;2040;3433.91828304
VAR_FOut;SELC;2044;FTE-SIMEHYD17;REG1;newtechs_nonuc;SDW;2034;5150.87742456
VAR_FOut;SELC;2044;FTE-SIMEHYD17;REG1;newtechs_nonuc;SDN;2041;5150.87742456
VAR_FOut;SELC;2044;FTE-SIMEHYD17;REG1;newtechs_nonuc;WDN;2041;3433.91828304
VAR_FOut;SELC;2045;FTE-SIMEHYD17;REG1;newtechs_nonuc;WNW;2032;2323.94912780364
VAR_FOut;SELC;2045;FTE-SIMEHYD17;REG1;newtechs_nonuc;SDW;2033;5150.87742456
VAR_FOut;SELC;2046;FTE-SIMEHYD17;REG1;newtechs_nonuc;SDW;2027;5150.87742456
VAR_FOut;SELC;2046;FTE-SIMEHYD17;REG1;newtechs_nonuc;WDN;2027;3433.91828304
VAR_FOut;SELC;2046;FTE-SIMEHYD17;REG1;newtechs_nonuc;SDN;2033;5150.87742456
VAR_FOut;SELC;2046;FTE-SIMEHYD17;REG1;newtechs_nonuc;WDW;2040;3433.91828304
VAR_FOut;SELC;2047;FTE-SIMEHYD17;REG1;newtechs_nonuc;SDN;2027;5150.87742456
VAR_FOut;SELC;2048;FTE-SIMEHYD17;REG1;newtechs_nonuc;SNW;2023;17169.5914152
VAR_FOut;SELC;2048;FTE-SIMEHYD17;REG1;newtechs_nonuc;SDN;2027;5150.87742456
VAR_FOut;SELC;2048;FTE-SIMEHYD17;REG1;newtechs_nonuc;SDW;2027;5150.87742456
VAR_FOut;SELC;2048;FTE-SIMEHYD17;REG1;newtechs_nonuc;WDN;2027;3433.91828304
VAR_FOut;SELC;2049;FTE-SIMEHYD17;REG1;newtechs_nonuc;SDN;2030;5150.87742456
VAR_FOut;SELC;2049;FTE-SIMEHYD17;REG1;newtechs_nonuc;WDN;2030;3433.91828304
VAR_FOut;SELC;2049;FTE-SIMEHYD17;REG1;newtechs_nonuc;SDW;2042;5150.87742456
VAR_FOut;SELC;2054;FTE-SIMEHYD17;REG1;newtechs_nonuc;SDN;2023;5150.87742456
VAR_FOut;SELC;2054;FTE-SIMEHYD17;REG1;newtechs_nonuc;SDW;2023;5150.87742456
VAR_FOut;SELC;2055;FTE-SIMEHYD17;REG1;newtechs_nonuc;SDN;2027;5150.87742456
VAR_FOut;SELC;2057;FTE-SIMEHYD17;REG1;newtechs_nonuc;SDN;2057;5150.87742456
VAR_FOut;SELC;2058;FTE-SIMEHYD17;REG1;newtechs_nonuc;SDN;2027;5150.87742456
VAR_FOut;SELC;2059;FTE-SIMEHYD17;REG1;newtechs_nonuc;SDN;2027;5150.87742456
VAR_FOut;SELC;2059;FTE-SIMEHYD17;REG1;newtechs_nonuc;SDW;2027;5150.87742456
VAR_FOut;SELC;2059;FTE-SIMEHYD17;REG1;newtechs_nonuc;WDN;2027;3433.91828304
VAR_FOut;SELC;2059;FTE-SIMEHYD17;REG1;newtechs_nonuc;WDW;2027;3433.91828304
VAR_FOut;SELC;2060;FTE-SIMEHYD17;REG1;newtechs_nonuc;SDN;2027;5150.87742456
VAR_FOut;SELC;2060;FTE-SIMEHYD17;REG1;newtechs_nonuc;SDW;2027;5150.87742456
VAR_FOut;SELC;2060;FTE-SIMEHYD17;REG1;newtechs_nonuc;WDN;2027;3433.91828304
VAR_FOut;SELC;2060;FTE-SIMEHYD17;REG1;newtechs_nonuc;WDW;2027;3433.91828304
VAR_FOut;SELC;2061;FTE-SIMEHYD17;REG1;newtechs_nonuc;WDN;2051;3433.91828304
VAR_FOut;SELC;2061;FTE-SIMEHYD17;REG1;newtechs_nonuc;WDW;2061;3433.91828304
VAR_FOut;SELC;2062;FTE-SIMEHYD17;REG1;newtechs_nonuc;WNW;2019;17169.5914152
VAR_FOut;SELC;2062;FTE-SIMEHYD17;REG1;newtechs_nonuc;SDW;2053;5150.87742456
VAR_FOut;SELC;2062;FTE-SIMEHYD17;REG1;newtechs_nonuc;SNW;2053;17169.5914152
VAR_FOut;SELC;2062;FTE-SIMEHYD17;REG1;newtechs_nonuc;WDN;2055;3433.91828304
VAR_FOut;SELC;2063;FTE-SIMEHYD17;REG1;newtechs_nonuc;SDW;2036;5150.87742456
VAR_FOut;SELC;2063;FTE-SIMEHYD17;REG1;newtechs_nonuc;WNW;2063;17169.5914152
VAR_FOut;SELC;2065;FTE-SIMEHYD17;REG1;newtechs_nonuc;WDW;2018;3433.91828304
VAR_FOut;SELC;2065;FTE-SIMEHYD17;REG1;newtechs_nonuc;SDW;2020;5150.87742456
VAR_FOut;SELC;2065;FTE-SIMEHYD17;REG1;newtechs_nonuc;WDN;2035;3433.91828304
VAR_FOut;SELC;2066;FTE-SIMEHYD17;REG1;newtechs_nonuc;WDW;2023;3433.91828304
VAR_FOut;SELC;2067;FTE-SIMEHYD17;REG1;newtechs_nonuc;WNW;2051;17169.5914152
VAR_FOut;SELC;2068;FTE-SIMEHYD17;REG1;newtechs_nonuc;SNW;2039;17169.5914152
VAR_FOut;SELC;2068;FTE-SIMEHYD17;REG1;newtechs_nonuc;WDW;2050;3433.91828304
VAR_FOut;SELC;2068;FTE-SIMEHYD17;REG1;newtechs_nonuc;WNW;2050;17169.5914152
VAR_FOut;SELC;2070;FTE-SIMEHYD17;REG1;newtechs_nonuc;WDN;2052;3433.91828304
VAR_FOut;SELC;2070;FTE-SIMEHYD17;REG1;newtechs_nonuc;WDW;2057;3433.91828304
VAR_FOut;SELC;2070;FTE-SIMEHYD17;REG1;newtechs_nonuc;SNW;2064;17169.5914152
VAR_FOut;SELC;2070;FTE-SIMEHYD17;REG1;newtechs_nonuc;SDW;2070;5150.87742456
VAR_FOut;SELC;2072;FTE-SIMEHYD17;REG1;newtechs_nonuc;SNW;2062;17169.5914152
VAR_FOut;SELC;2073;FTE-SIMEHYD17;REG1;newtechs_nonuc;SNW;2048;17169.5914152
VAR_FOut;SELC;2073;FTE-SIMEHYD17;REG1;newtechs_nonuc;SDW;2052;5150.87742456
VAR_FOut;SELC;2073;FTE-SIMEHYD17;REG1;newtechs_nonuc;WDW;2056;3433.91828304
VAR_FOut;SELC;2074;FTE-SIMEHYD17;REG1;newtechs_nonuc;SNW;2039;17169.5914152
VAR_FOut;SELC;2075;FTE-SIMEHYD17;REG1;newtechs_nonuc;WDN;2072;3433.91828304
VAR_FOut;SELC;2077;FTE-SIMEHYD17;REG1;newtechs_nonuc;SDN;2039;5150.87742456
VAR_FOut;SELC;2077;FTE-SIMEHYD17;REG1;newtechs_nonuc;SDW;2039;5150.87742456
VAR_FOut;SELC;2077;FTE-SIMEHYD17;REG1;newtechs_nonuc;WDN;2039;3433.91828304
VAR_FOut;SELC;2078;FTE-SIMEHYD17;REG1;newtechs_nonuc;SDN;2039;5150.87742456
VAR_FOut;SELC;2078;FTE-SIMEHYD17;REG1;newtechs_nonuc;SDW;2039;5150.87742456
VAR_FOut;SELC;2078;FTE-SIMEHYD17;REG1;newtechs_nonuc;SNW;2054;17169.5914152
VAR_FOut;SELC;2079;FTE-SIMEHYD17;REG1;newtechs_nonuc;SDN;2039;5150.87742456
VAR_FOut;SELC;2079;FTE-SIMEHYD17;REG1;newtechs_nonuc;SDW;2039;5150.87742456
VAR_FOut;SELC;2080;FTE-SIMEHYD17;REG1;newtechs_nonuc;SDN;2050;5150.87742456
VAR_FOut;SELC;2080;FTE-SIMEHYD17;REG1;newtechs_nonuc;SDW;2050;5150.87742456
VAR_FOut;SELC;2082;FTE-SIMEHYD17;REG1;newtechs_nonuc;SDN;2050;5150.87742456
VAR_FOut;SELC;2082;FTE-SIMEHYD17;REG1;newtechs_nonuc;SDW;2075;5150.87742456
VAR_FOut;SELC;2083;FTE-SIMEHYD17;REG1;newtechs_nonuc;SDW;2034;5150.87742456
VAR_FOut;SELC;2084;FTE-SIMEHYD17;REG1;newtechs_nonuc;SDN;2034;5150.87742456
VAR_FOut;SELC;2084;FTE-SIMEHYD17;REG1;newtechs_nonuc;SDW;2034;5150.87742456
VAR_FOut;SELC;2084;FTE-SIMEHYD17;REG1;newtechs_nonuc;WDW;2083;3433.91828304
VAR_FOut;SELC;2085;FTE-SIMEHYD17;REG1;newtechs_nonuc;SDN;2075;5150.87742456
VAR_FOut;SELC;2085;FTE-SIMEHYD17;REG1;newtechs_nonuc;SDW;2075;5150.87742456
VAR_FOut;SELC;2086;FTE-SIMEHYD17;REG1;newtechs_nonuc;SDN;2075;5150.87742456
VAR_FOut;SELC;2086;FTE-SIMEHYD17;REG1;newtechs_nonuc;SDW;2075;5150.87742456
VAR_FOut;SELC;2086;FTE-SIMEHYD17;REG1;newtechs_nonuc;SNW;2075;17169.5914152
VAR_FOut;SELC;2087;FTE-SIMEHYD17;REG1;newtechs_nonuc;SDN;2075;5150.87742456
VAR_FOut;SELC;2087;FTE-SIMEHYD17;REG1;newtechs_nonuc;SDW;2075;5150.87742456
VAR_FOut;SELC;2088;FTE-SIMEHYD17;REG1;newtechs_nonuc;SDN;2050;5150.87742456
VAR_FOut;SELC;2088;FTE-SIMEHYD17;REG1;newtechs_nonuc;SDW;2050;1107.54321475562
VAR_FOut;SELC;2089;FTE-SIMEHYD17;REG1;newtechs_nonuc;WNW;2021;6319.81071585198
VAR_FOut;SELC;2089;FTE-SIMEHYD17;REG1;newtechs_nonuc;SDW;2023;5150.87742456
VAR_FOut;SELC;2089;FTE-SIMEHYD17;REG1;newtechs_nonuc;SDN;2062;5150.87742456
VAR_FOut;SELC;2089;FTE-SIMEHYD17;REG1;newtechs_nonuc;SNW;2073;17169.5914152
VAR_FOut;SELC;2089;FTE-SIMEHYD17;REG1;newtechs_nonuc;WDN;2088;3433.91828304
VAR_FOut;SELC;2090;FTE-SIMEHYD17;REG1;newtechs_nonuc;SDW;2032;5150.87742456
VAR_FOut;SELC;2090;FTE-SIMEHYD17;REG1;newtechs_nonuc;SNW;2045;17169.5914152
VAR_FOut;SELC;2090;FTE-SIMEHYD17;REG1;newtechs_nonuc;SDN;2066;5150.87742456
VAR_FOut;SELC;2090;FTE-SIMEHYD17;REG1;newtechs_nonuc;WDW;2071;3433.91828304
VAR_FOut;SELC;2091;FTE-SIMEHYD17;REG1;newtechs_nonuc;SDW;2035;5150.87742456
VAR_FOut;SELC;2091;FTE-SIMEHYD17;REG1;newtechs_nonuc;WDN;2062;3433.91828304
VAR_FOut;SELC;2091;FTE-SIMEHYD17;REG1;newtechs_nonuc;SDN;2090;5150.87742456
VAR_FOut;SELC;2092;FTE-SIMEHYD17;REG1;newtechs_nonuc;SDN;2054;5150.87742456
VAR_FOut;SELC;2092;FTE-SIMEHYD17;REG1;newtechs_nonuc;SDW;2062;5150.87742456
VAR_FOut;SELC;2092;FTE-SIMEHYD17;REG1;newtechs_nonuc;WNW;2075;17169.5914152
VAR_FOut;SELC;2093;FTE-SIMEHYD17;REG1;newtechs_nonuc;SDN;2062;5150.87742456
VAR_FOut;SELC;2093;FTE-SIMEHYD17;REG1;newtechs_nonuc;SDW;2062;5150.87742456
VAR_FOut;SELC;2093;FTE-SIMEHYD17;REG1;newtechs_nonuc;WDN;2062;3433.91828304
VAR_FOut;SELC;2093;FTE-SIMEHYD17;REG1;newtechs_nonuc;WNW;2064;17169.5914152
VAR_FOut;SELC;2094;FTE-SIMEHYD17;REG1;newtechs_nonuc;SDN;2060;5150.87742456
VAR_FOut;SELC;2094;FTE-SIMEHYD17;REG1;newtechs_nonuc;SDW;2060;5150.87742456
VAR_FOut;SELC;2095;FTE-SIMEHYD17;REG1;newtechs_nonuc;SDW;2029;5150.87742456
VAR_FOut;SELC;2095;FTE-SIMEHYD17;REG1;newtechs_nonuc;WDN;2077;3433.91828304
VAR_FOut;SELC;2095;FTE-SIMEHYD17;REG1;newtechs_nonuc;SDN;2089;5150.87742456
VAR_FOut;SELC;2096;FTE-SIMEHYD17;REG1;newtechs_nonuc;SDN;2040;5150.87742456
VAR_FOut;SELC;2096;FTE-SIMEHYD17;REG1;newtechs_nonuc;WDN;2077;3433.91828304
VAR_FOut;SELC;2096;FTE-SIMEHYD17;REG1;newtechs_nonuc;SDW;2087;5150.87742456
VAR_FOut;SELC;2097;FTE-SIMEHYD17;REG1;newtechs_nonuc;SDW;2077;5150.87742456
VAR_FOut;SELC;2098;FTE-SIMEHYD17;REG1;newtechs_nonuc;SDN;2077;5150.87742456
VAR_FOut;SELC;2098;FTE-SIMEHYD17;REG1;newtechs_nonuc;SDW;2077;5150.87742456
VAR_FOut;SELC;2099;FTE-SIMEHYD17;REG1;newtechs_nonuc;SDN;2077;5150.87742456
VAR_FOut;SELC;2099;FTE-SIMEHYD17;REG1;newtechs_nonuc;SDW;2077;5150.87742456
VAR_FOut;SELC;2099;FTE-SIMEHYD17;REG1;newtechs_nonuc;SNW;2077;17169.5914152
VAR_FOut;SELC;2100;FTE-SIMEHYD17;REG1;newtechs_nonuc;SDN;2066;5150.87742456
VAR_FOut;SELC;2100;FTE-SIMEHYD17;REG1;newtechs_nonuc;SDW;2066;5150.87742456
VAR_FOut;SELC;2027;FTE-SIMEONUC17;REG1;newtechs_nonuc;SDW;2023;1280.12242111216
VAR_FOut;SELC;2029;FTE-SIMEONUC17;REG1;newtechs_nonuc;WDW;2017;174.912693894965
VAR_FOut;SELC;2029;FTE-SIMEONUC17;REG1;newtechs_nonuc;SDW;2029;3909.56689167955
VAR_FOut;SELC;2032;FTE-SIMEONUC17;REG1;newtechs_nonuc;WDW;2023;1288.86028140669
VAR_FOut;SELC;2033;FTE-SIMEONUC17;REG1;newtechs_nonuc;WDW;2029;9496.656432
VAR_FOut;SELC;2034;FTE-SIMEONUC17;REG1;newtechs_nonuc;SDW;2034;14121.000864
VAR_FOut;SELC;2037;FTE-SIMEONUC17;REG1;newtechs_nonuc;SDN;2017;1561.54396535149
VAR_FOut;SELC;2037;FTE-SIMEONUC17;REG1;newtechs_nonuc;SDW;2029;13749.049512
VAR_FOut;SELC;2037;FTE-SIMEONUC17;REG1;newtechs_nonuc;WDW;2035;9166.033008
VAR_FOut;SELC;2038;FTE-SIMEONUC17;REG1;newtechs_nonuc;SDW;2027;13625.065728
VAR_FOut;SELC;2038;FTE-SIMEONUC17;REG1;newtechs_nonuc;WDN;2027;7410.360585312
VAR_FOut;SELC;2038;FTE-SIMEONUC17;REG1;newtechs_nonuc;WDW;2038;9083.377152
VAR_FOut;SELC;2039;FTE-SIMEONUC17;REG1;newtechs_nonuc;WDN;2019;700.046000312461
VAR_FOut;SELC;2039;FTE-SIMEONUC17;REG1;newtechs_nonuc;SDN;2039;13501.081944
VAR_FOut;SELC;2040;FTE-SIMEONUC17;REG1;newtechs_nonuc;SDW;2038;13377.09816
VAR_FOut;SELC;2040;FTE-SIMEONUC17;REG1;newtechs_nonuc;WDW;2040;8918.06544
VAR_FOut;SELC;2041;FTE-SIMEONUC17;REG1;newtechs_nonuc;SDW;2029;13132.54847633
VAR_FOut;SELC;2043;FTE-SIMEONUC17;REG1;newtechs_nonuc;WDW;2023;8651.37599999999
VAR_FOut;SELC;2043;FTE-SIMEONUC17;REG1;newtechs_nonuc;SDW;2027;12977.064
VAR_FOut;SELC;2044;FTE-SIMEONUC17;REG1;newtechs_nonuc;SDW;2038;12166.8313846154
VAR_FOut;SELC;2045;FTE-SIMEONUC17;REG1;newtechs_nonuc;WDW;2028;7571.06584615384
VAR_FOut;SELC;2045;FTE-SIMEONUC17;REG1;newtechs_nonuc;SDN;2039;11356.5987692308
VAR_FOut;SELC;2045;FTE-SIMEONUC17;REG1;newtechs_nonuc;WDN;2045;7571.06584615384
VAR_FOut;SELC;2046;FTE-SIMEONUC17;REG1;newtechs_nonuc;WDN;2027;7030.91076923076
VAR_FOut;SELC;2046;FTE-SIMEONUC17;REG1;newtechs_nonuc;SDW;2042;10546.3661538461
VAR_FOut;SELC;2046;FTE-SIMEONUC17;REG1;newtechs_nonuc;WDW;2042;7030.91076923076
VAR_FOut;SELC;2047;FTE-SIMEONUC17;REG1;newtechs_nonuc;SDN;2026;9736.13353846153
VAR_FOut;SELC;2047;FTE-SIMEONUC17;REG1;newtechs_nonuc;SNW;2034;22390.9181473473
VAR_FOut;SELC;2048;FTE-SIMEONUC17;REG1;newtechs_nonuc;SDW;2017;8925.90092307691
VAR_FOut;SELC;2048;FTE-SIMEONUC17;REG1;newtechs_nonuc;SDN;2018;8925.90092307691
VAR_FOut;SELC;2049;FTE-SIMEONUC17;REG1;newtechs_nonuc;SDN;2030;8115.6683076923
VAR_FOut;SELC;2049;FTE-SIMEONUC17;REG1;newtechs_nonuc;WDN;2030;5410.44553846153
VAR_FOut;SELC;2049;FTE-SIMEONUC17;REG1;newtechs_nonuc;WDW;2045;5410.44553846153
VAR_FOut;SELC;2054;FTE-SIMEONUC17;REG1;newtechs_nonuc;SNW;2023;13548.3507692308
VAR_FOut;SELC;2054;FTE-SIMEONUC17;REG1;newtechs_nonuc;SDW;2030;4064.50523076923
VAR_FOut;SELC;2055;FTE-SIMEONUC17;REG1;newtechs_nonuc;SDN;2024;3254.27261538462
VAR_FOut;SELC;2055;FTE-SIMEONUC17;REG1;newtechs_nonuc;SNW;2027;10847.5753846154
VAR_FOut;SELC;2056;FTE-SIMEONUC17;REG1;newtechs_nonuc;WNW;2027;8146.80000000001
VAR_FOut;SELC;2056;FTE-SIMEONUC17;REG1;newtechs_nonuc;SDN;2054;2444.04
VAR_FOut;SELC;2057;FTE-SIMEONUC17;REG1;newtechs_nonuc;WNW;2027;7564.88571428572
VAR_FOut;SELC;2058;FTE-SIMEONUC17;REG1;newtechs_nonuc;WNW;2027;6982.97142857143
VAR_FOut;SELC;2059;FTE-SIMEONUC17;REG1;newtechs_nonuc;SDN;2027;1920.31714285714
VAR_FOut;SELC;2059;FTE-SIMEONUC17;REG1;newtechs_nonuc;SDW;2027;1920.31714285714
VAR_FOut;SELC;2059;FTE-SIMEONUC17;REG1;newtechs_nonuc;WDN;2027;1280.21142857143
VAR_FOut;SELC;2059;FTE-SIMEONUC17;REG1;newtechs_nonuc;WNW;2027;6401.05714285715
VAR_FOut;SELC;2060;FTE-SIMEONUC17;REG1;newtechs_nonuc;SDN;2027;1745.74285714286
VAR_FOut;SELC;2060;FTE-SIMEONUC17;REG1;newtechs_nonuc;SDW;2027;1745.74285714286
VAR_FOut;SELC;2060;FTE-SIMEONUC17;REG1;newtechs_nonuc;SNW;2027;5819.14285714286
VAR_FOut;SELC;2060;FTE-SIMEONUC17;REG1;newtechs_nonuc;WDN;2027;1163.82857142857
VAR_FOut;SELC;2060;FTE-SIMEONUC17;REG1;newtechs_nonuc;WDW;2027;1163.82857142857
VAR_FOut;SELC;2061;FTE-SIMEONUC17;REG1;newtechs_nonuc;WDN;2021;1047.44571428571
VAR_FOut;SELC;2061;FTE-SIMEONUC17;REG1;newtechs_nonuc;WDW;2042;1047.44571428571
VAR_FOut;SELC;2061;FTE-SIMEONUC17;REG1;newtechs_nonuc;SDW;2053;1571.16857142857
VAR_FOut;SELC;2062;FTE-SIMEONUC17;REG1;newtechs_nonuc;SDN;2025;1396.59428571429
VAR_FOut;SELC;2062;FTE-SIMEONUC17;REG1;newtechs_nonuc;WNW;2031;4655.31428571429
VAR_FOut;SELC;2062;FTE-SIMEONUC17;REG1;newtechs_nonuc;SDW;2042;1396.59428571429
VAR_FOut;SELC;2062;FTE-SIMEONUC17;REG1;newtechs_nonuc;SNW;2058;4655.31428571429
VAR_FOut;SELC;2063;FTE-SIMEONUC17;REG1;newtechs_nonuc;SNW;2058;4073.4
VAR_FOut;SELC;2064;FTE-SIMEONUC17;REG1;newtechs_nonuc;WDN;2034;698.297142857143
VAR_FOut;SELC;2064;FTE-SIMEONUC17;REG1;newtechs_nonuc;SNW;2041;3491.48571428572
VAR_FOut;SELC;2064;FTE-SIMEONUC17;REG1;newtechs_nonuc;WNW;2049;3491.48571428572
VAR_FOut;SELC;2064;FTE-SIMEONUC17;REG1;newtechs_nonuc;SDN;2057;1047.44571428571
VAR_FOut;SELC;2064;FTE-SIMEONUC17;REG1;newtechs_nonuc;WDW;2057;698.297142857143
VAR_FOut;SELC;2065;FTE-SIMEONUC17;REG1;newtechs_nonuc;SNW;2059;2909.57142857143
VAR_FOut;SELC;2066;FTE-SIMEONUC17;REG1;newtechs_nonuc;WDN;2039;465.531428571429
VAR_FOut;SELC;2067;FTE-SIMEONUC17;REG1;newtechs_nonuc;WNW;2063;1745.74285714286
VAR_FOut;SELC;2068;FTE-SIMEONUC17;REG1;newtechs_nonuc;WNW;2050;1163.82857142857
VAR_FOut;SELC;2068;FTE-SIMEONUC17;REG1;newtechs_nonuc;SNW;2063;1163.82857142857
VAR_FOut;SELC;2069;FTE-SIMEONUC17;REG1;newtechs_nonuc;SDN;2050;174.574285714286
VAR_FOut;SELC;2017;FTE-SIMEPVN17;REG1;newtechs_nonuc;WDN;2017;30.6936231743036
VAR_FOut;SELC;2017;FTE-SIMEPVN17;REG1;newtechs_nonuc;WDW;2017;30.6936231743023
VAR_FOut;SELC;2026;FTE-SIMEPVN17;REG1;newtechs_nonuc;SDW;2026;400.709554701669
VAR_FOut;SELC;2031;FTE-SIMEPVN17;REG1;newtechs_nonuc;SDW;2031;8353.32804693844
VAR_FOut;SELC;2033;FTE-SIMEPVN17;REG1;newtechs_nonuc;SDW;2026;10712.406974766
VAR_FOut;SELC;2034;FTE-SIMEPVN17;REG1;newtechs_nonuc;SDW;2023;2176.19990577749
VAR_FOut;SELC;2034;FTE-SIMEPVN17;REG1;newtechs_nonuc;WDW;2023;12944.5767775798
VAR_FOut;SELC;2035;FTE-SIMEPVN17;REG1;newtechs_nonuc;SDW;2026;31498.702415489
VAR_FOut;SELC;2036;FTE-SIMEPVN17;REG1;newtechs_nonuc;SDN;2026;351.807839375928
VAR_FOut;SELC;2036;FTE-SIMEPVN17;REG1;newtechs_nonuc;WDW;2036;20746.0071251672
VAR_FOut;SELC;2037;FTE-SIMEPVN17;REG1;newtechs_nonuc;SDW;2027;23862.3171808099
VAR_FOut;SELC;2037;FTE-SIMEPVN17;REG1;newtechs_nonuc;WDW;2034;15908.2114538733
VAR_FOut;SELC;2038;FTE-SIMEPVN17;REG1;newtechs_nonuc;WDW;2023;21862.3427713535
VAR_FOut;SELC;2039;FTE-SIMEPVN17;REG1;newtechs_nonuc;WDW;2017;7599.41384853452
VAR_FOut;SELC;2039;FTE-SIMEPVN17;REG1;newtechs_nonuc;SDN;2018;1702.88711884791
VAR_FOut;SELC;2039;FTE-SIMEPVN17;REG1;newtechs_nonuc;SDW;2025;16549.9981973618
VAR_FOut;SELC;2040;FTE-SIMEPVN17;REG1;newtechs_nonuc;SDN;2028;8928.63927840883
VAR_FOut;SELC;2040;FTE-SIMEPVN17;REG1;newtechs_nonuc;WDW;2032;24975.0677106797
VAR_FOut;SELC;2040;FTE-SIMEPVN17;REG1;newtechs_nonuc;SDW;2035;46465.6242038387
VAR_FOut;SELC;2040;FTE-SIMEPVN17;REG1;newtechs_nonuc;WDN;2036;5952.42618560587
VAR_FOut;SELC;2041;FTE-SIMEPVN17;REG1;newtechs_nonuc;SDW;2017;1426.39667503751
VAR_FOut;SELC;2041;FTE-SIMEPVN17;REG1;newtechs_nonuc;SDN;2030;20953.9398046687
VAR_FOut;SELC;2041;FTE-SIMEPVN17;REG1;newtechs_nonuc;WDN;2038;7967.27811123305
VAR_FOut;SELC;2041;FTE-SIMEPVN17;REG1;newtechs_nonuc;WDW;2038;36543.8297378291
VAR_FOut;SELC;2042;FTE-SIMEPVN17;REG1;newtechs_nonuc;WDW;2017;16641.5525683299
VAR_FOut;SELC;2042;FTE-SIMEPVN17;REG1;newtechs_nonuc;SDW;2027;58540.0815706043
VAR_FOut;SELC;2042;FTE-SIMEPVN17;REG1;newtechs_nonuc;SDN;2035;33371.342138443
VAR_FOut;SELC;2042;FTE-SIMEPVN17;REG1;newtechs_nonuc;WDN;2039;19724.7512231956
VAR_FOut;SELC;2043;FTE-SIMEPVN17;REG1;newtechs_nonuc;SDN;2026;27597.8225901795
VAR_FOut;SELC;2043;FTE-SIMEPVN17;REG1;newtechs_nonuc;WDN;2027;28219.5845945908
VAR_FOut;SELC;2043;FTE-SIMEPVN17;REG1;newtechs_nonuc;WDW;2028;40542.5824091788
VAR_FOut;SELC;2043;FTE-SIMEPVN17;REG1;newtechs_nonuc;SDW;2043;6624.74520509423
VAR_FOut;SELC;2044;FTE-SIMEPVN17;REG1;newtechs_nonuc;SDW;2018;23403.0616502992
VAR_FOut;SELC;2044;FTE-SIMEPVN17;REG1;newtechs_nonuc;SDN;2039;44911.4286771387
VAR_FOut;SELC;2044;FTE-SIMEPVN17;REG1;newtechs_nonuc;WDN;2039;46337.7516444972
VAR_FOut;SELC;2044;FTE-SIMEPVN17;REG1;newtechs_nonuc;WDW;2043;83112.3726467066
VAR_FOut;SELC;2045;FTE-SIMEPVN17;REG1;newtechs_nonuc;WDW;2023;61365.787757887
VAR_FOut;SELC;2045;FTE-SIMEPVN17;REG1;newtechs_nonuc;WDN;2027;61365.787757887
VAR_FOut;SELC;2045;FTE-SIMEPVN17;REG1;newtechs_nonuc;SDN;2031;53033.9708625987
VAR_FOut;SELC;2045;FTE-SIMEPVN17;REG1;newtechs_nonuc;SDW;2032;92189.6652857678
VAR_FOut;SELC;2046;FTE-SIMEPVN17;REG1;newtechs_nonuc;SDN;2017;71399.8619542647
VAR_FOut;SELC;2046;FTE-SIMEPVN17;REG1;newtechs_nonuc;SDW;2027;96940.2253397238
VAR_FOut;SELC;2046;FTE-SIMEPVN17;REG1;newtechs_nonuc;WDN;2027;70474.2276976543
VAR_FOut;SELC;2046;FTE-SIMEPVN17;REG1;newtechs_nonuc;WDW;2027;93748.6679649928
VAR_FOut;SELC;2047;FTE-SIMEPVN17;REG1;newtechs_nonuc;SDN;2017;73836.3205555497
VAR_FOut;SELC;2047;FTE-SIMEPVN17;REG1;newtechs_nonuc;WDW;2017;114868.253040382
VAR_FOut;SELC;2047;FTE-SIMEPVN17;REG1;newtechs_nonuc;SDW;2031;137841.903648459
VAR_FOut;SELC;2047;FTE-SIMEPVN17;REG1;newtechs_nonuc;WDN;2033;80371.6080699984
VAR_FOut;SELC;2048;FTE-SIMEPVN17;REG1;newtechs_nonuc;SDN;2017;58644.5737954538
VAR_FOut;SELC;2048;FTE-SIMEPVN17;REG1;newtechs_nonuc;WDW;2027;113465.334050504
VAR_FOut;SELC;2048;FTE-SIMEPVN17;REG1;newtechs_nonuc;SDW;2040;112045.533795454
VAR_FOut;SELC;2048;FTE-SIMEPVN17;REG1;newtechs_nonuc;WDN;2041;72866.0650476671
VAR_FOut;SELC;2049;FTE-SIMEPVN17;REG1;newtechs_nonuc;WDN;2027;67350.7321320655
VAR_FOut;SELC;2049;FTE-SIMEPVN17;REG1;newtechs_nonuc;WDW;2027;87046.5273518764
VAR_FOut;SELC;2049;FTE-SIMEPVN17;REG1;newtechs_nonuc;SDN;2030;83079.6667955456
VAR_FOut;SELC;2049;FTE-SIMEPVN17;REG1;newtechs_nonuc;SDW;2030;125663.219949535
VAR_FOut;SELC;2050;FTE-SIMEPVN17;REG1;newtechs_nonuc;WDN;2017;70830.9623131949
VAR_FOut;SELC;2050;FTE-SIMEPVN17;REG1;newtechs_nonuc;SDN;2023;108182.341080219
VAR_FOut;SELC;2050;FTE-SIMEPVN17;REG1;newtechs_nonuc;SDW;2023;144571.408823995
VAR_FOut;SELC;2050;FTE-SIMEPVN17;REG1;newtechs_nonuc;WDW;2045;110786.339142809
VAR_FOut;SELC;2051;FTE-SIMEPVN17;REG1;newtechs_nonuc;SDN;2023;101592.422832849
VAR_FOut;SELC;2051;FTE-SIMEPVN17;REG1;newtechs_nonuc;SDW;2023;110987.134220057
VAR_FOut;SELC;2051;FTE-SIMEPVN17;REG1;newtechs_nonuc;WDN;2023;67728.2818885662
VAR_FOut;SELC;2051;FTE-SIMEPVN17;REG1;newtechs_nonuc;WDW;2023;72048.938148954
VAR_FOut;SELC;2052;FTE-SIMEPVN17;REG1;newtechs_nonuc;SDN;2023;92987.1551608931
VAR_FOut;SELC;2052;FTE-SIMEPVN17;REG1;newtechs_nonuc;SDW;2023;157336.214878123
VAR_FOut;SELC;2052;FTE-SIMEPVN17;REG1;newtechs_nonuc;WDN;2023;65489.9519445385
VAR_FOut;SELC;2052;FTE-SIMEPVN17;REG1;newtechs_nonuc;WDW;2023;73070.1605194115
VAR_FOut;SELC;2053;FTE-SIMEPVN17;REG1;newtechs_nonuc;SDN;2023;84834.5293246685
VAR_FOut;SELC;2053;FTE-SIMEPVN17;REG1;newtechs_nonuc;SDW;2023;137775.060419585
VAR_FOut;SELC;2053;FTE-SIMEPVN17;REG1;newtechs_nonuc;WDN;2023;63528.9563018037
VAR_FOut;SELC;2053;FTE-SIMEPVN17;REG1;newtechs_nonuc;WDW;2023;107639.168030153
VAR_FOut;SELC;2054;FTE-SIMEPVN17;REG1;newtechs_nonuc;SDN;2023;91284.0328777622
VAR_FOut;SELC;2054;FTE-SIMEPVN17;REG1;newtechs_nonuc;SDW;2023;61774.7277196181
VAR_FOut;SELC;2054;FTE-SIMEPVN17;REG1;newtechs_nonuc;WDN;2023;62577.518729115
VAR_FOut;SELC;2054;FTE-SIMEPVN17;REG1;newtechs_nonuc;WDW;2023;69580.3267194559
VAR_FOut;SELC;2055;FTE-SIMEPVN17;REG1;newtechs_nonuc;WDN;2027;61517.2353091386
VAR_FOut;SELC;2055;FTE-SIMEPVN17;REG1;newtechs_nonuc;WDW;2027;68757.4562429565
VAR_FOut;SELC;2055;FTE-SIMEPVN17;REG1;newtechs_nonuc;SDN;2048;73266.9872297817
VAR_FOut;SELC;2055;FTE-SIMEPVN17;REG1;newtechs_nonuc;SDW;2048;129261.689640741
VAR_FOut;SELC;2056;FTE-SIMEPVN17;REG1;newtechs_nonuc;SDN;2027;97514.1813749907
VAR_FOut;SELC;2056;FTE-SIMEPVN17;REG1;newtechs_nonuc;SDW;2027;70734.2877450701
VAR_FOut;SELC;2056;FTE-SIMEPVN17;REG1;newtechs_nonuc;WDN;2027;60287.163621708
VAR_FOut;SELC;2056;FTE-SIMEPVN17;REG1;newtechs_nonuc;WDW;2027;65893.7377372387
VAR_FOut;SELC;2057;FTE-SIMEPVN17;REG1;newtechs_nonuc;SDN;2027;93978.3843992372
VAR_FOut;SELC;2057;FTE-SIMEPVN17;REG1;newtechs_nonuc;SDW;2027;72230.0033601784
VAR_FOut;SELC;2057;FTE-SIMEPVN17;REG1;newtechs_nonuc;WDN;2027;59122.0884162814
VAR_FOut;SELC;2057;FTE-SIMEPVN17;REG1;newtechs_nonuc;WDW;2027;67535.487509738
VAR_FOut;SELC;2058;FTE-SIMEPVN17;REG1;newtechs_nonuc;SDN;2027;70016.4457071087
VAR_FOut;SELC;2058;FTE-SIMEPVN17;REG1;newtechs_nonuc;SDW;2027;71951.8272945725
VAR_FOut;SELC;2058;FTE-SIMEPVN17;REG1;newtechs_nonuc;WDN;2027;57712.6157501212
VAR_FOut;SELC;2058;FTE-SIMEPVN17;REG1;newtechs_nonuc;WDW;2038;105064.609072561
VAR_FOut;SELC;2059;FTE-SIMEPVN17;REG1;newtechs_nonuc;SDN;2027;66448.6207576195
VAR_FOut;SELC;2059;FTE-SIMEPVN17;REG1;newtechs_nonuc;SDW;2027;105948.53643496
VAR_FOut;SELC;2059;FTE-SIMEPVN17;REG1;newtechs_nonuc;WDN;2027;59982.3132554697
VAR_FOut;SELC;2059;FTE-SIMEPVN17;REG1;newtechs_nonuc;WDW;2027;90961.7914277804
VAR_FOut;SELC;2060;FTE-SIMEPVN17;REG1;newtechs_nonuc;SDN;2027;65598.22145203
VAR_FOut;SELC;2060;FTE-SIMEPVN17;REG1;newtechs_nonuc;SDW;2027;106021.159874115
VAR_FOut;SELC;2060;FTE-SIMEPVN17;REG1;newtechs_nonuc;WDN;2027;59699.5978558934
VAR_FOut;SELC;2060;FTE-SIMEPVN17;REG1;newtechs_nonuc;WDW;2027;89669.6675860383
VAR_FOut;SELC;2061;FTE-SIMEPVN17;REG1;newtechs_nonuc;WDN;2034;63321.6819122831
VAR_FOut;SELC;2061;FTE-SIMEPVN17;REG1;newtechs_nonuc;WDW;2041;73872.0374793481
VAR_FOut;SELC;2061;FTE-SIMEPVN17;REG1;newtechs_nonuc;SDN;2043;69900.3440125391
VAR_FOut;SELC;2061;FTE-SIMEPVN17;REG1;newtechs_nonuc;SDW;2053;123601.482027635
VAR_FOut;SELC;2062;FTE-SIMEPVN17;REG1;newtechs_nonuc;WDN;2030;45798.758586
VAR_FOut;SELC;2062;FTE-SIMEPVN17;REG1;newtechs_nonuc;WDW;2052;98147.5664442381
VAR_FOut;SELC;2062;FTE-SIMEPVN17;REG1;newtechs_nonuc;SDN;2056;69480.4870747289
VAR_FOut;SELC;2062;FTE-SIMEPVN17;REG1;newtechs_nonuc;SDW;2057;91644.0242256211
VAR_FOut;SELC;2063;FTE-SIMEPVN17;REG1;newtechs_nonuc;WDN;2037;45265.4475054666
VAR_FOut;SELC;2063;FTE-SIMEPVN17;REG1;newtechs_nonuc;WDW;2043;66999.3535983673
VAR_FOut;SELC;2063;FTE-SIMEPVN17;REG1;newtechs_nonuc;SDW;2055;141898.340860649
VAR_FOut;SELC;2063;FTE-SIMEPVN17;REG1;newtechs_nonuc;SDN;2063;67898.1712581999
VAR_FOut;SELC;2064;FTE-SIMEPVN17;REG1;newtechs_nonuc;SDN;2023;61246.1516420188
VAR_FOut;SELC;2064;FTE-SIMEPVN17;REG1;newtechs_nonuc;SDW;2028;125605.956242813
VAR_FOut;SELC;2064;FTE-SIMEPVN17;REG1;newtechs_nonuc;WDW;2050;91260.0155720784
VAR_FOut;SELC;2064;FTE-SIMEPVN17;REG1;newtechs_nonuc;WDN;2052;38888.6070190183
VAR_FOut;SELC;2065;FTE-SIMEPVN17;REG1;newtechs_nonuc;WDN;2028;58867.9351437262
VAR_FOut;SELC;2065;FTE-SIMEPVN17;REG1;newtechs_nonuc;SDN;2031;52196.0213272351
VAR_FOut;SELC;2065;FTE-SIMEPVN17;REG1;newtechs_nonuc;WDW;2031;64862.5031659423
VAR_FOut;SELC;2065;FTE-SIMEPVN17;REG1;newtechs_nonuc;SDW;2064;133242.441187086
VAR_FOut;SELC;2066;FTE-SIMEPVN17;REG1;newtechs_nonuc;SDN;2034;53434.1198531588
VAR_FOut;SELC;2066;FTE-SIMEPVN17;REG1;newtechs_nonuc;WDN;2042;33214.400518094
VAR_FOut;SELC;2066;FTE-SIMEPVN17;REG1;newtechs_nonuc;WDW;2049;86161.8636214538
VAR_FOut;SELC;2066;FTE-SIMEPVN17;REG1;newtechs_nonuc;SDW;2058;129242.795432181
VAR_FOut;SELC;2067;FTE-SIMEPVN17;REG1;newtechs_nonuc;SDW;2017;110614.633605053
VAR_FOut;SELC;2067;FTE-SIMEPVN17;REG1;newtechs_nonuc;SDN;2027;31326.7651701226
VAR_FOut;SELC;2067;FTE-SIMEPVN17;REG1;newtechs_nonuc;WDW;2041;22832.6232685797
VAR_FOut;SELC;2067;FTE-SIMEPVN17;REG1;newtechs_nonuc;WDN;2050;65422.3341985446
VAR_FOut;SELC;2068;FTE-SIMEPVN17;REG1;newtechs_nonuc;WDW;2026;53557.2748345584
VAR_FOut;SELC;2068;FTE-SIMEPVN17;REG1;newtechs_nonuc;WDN;2050;12730.1140448915
VAR_FOut;SELC;2068;FTE-SIMEPVN17;REG1;newtechs_nonuc;SDN;2052;19095.1710673373
VAR_FOut;SELC;2068;FTE-SIMEPVN17;REG1;newtechs_nonuc;SDW;2065;96027.7819587375
VAR_FOut;SELC;2069;FTE-SIMEPVN17;REG1;newtechs_nonuc;SDW;2042;33762.4161109087
VAR_FOut;SELC;2071;FTE-SIMEPVN17;REG1;newtechs_nonuc;SDW;2057;6405.25627554998
VAR_FOut;SELC;2045;FTE-SIMESOL17;REG1;newtechs_nonuc;SDW;2036;381.787934459865
VAR_FOut;SELC;2045;FTE-SIMESOL17;REG1;newtechs_nonuc;WDN;2041;318.156612049888
VAR_FOut;SELC;2045;FTE-SIMESOL17;REG1;newtechs_nonuc;WDW;2041;318.156612049888
VAR_FOut;SELC;2046;FTE-SIMESOL17;REG1;newtechs_nonuc;SDN;2027;954.983108243811
VAR_FOut;SELC;2046;FTE-SIMESOL17;REG1;newtechs_nonuc;SDW;2027;954.983108243811
VAR_FOut;SELC;2046;FTE-SIMESOL17;REG1;newtechs_nonuc;WDW;2028;795.819256869843
VAR_FOut;SELC;2048;FTE-SIMESOL17;REG1;newtechs_nonuc;SDW;2017;3601.14861519734
VAR_FOut;SELC;2048;FTE-SIMESOL17;REG1;newtechs_nonuc;SDN;2027;3601.14861519734
VAR_FOut;SELC;2048;FTE-SIMESOL17;REG1;newtechs_nonuc;WDN;2027;2400.76574346489
VAR_FOut;SELC;2050;FTE-SIMESOL17;REG1;newtechs_nonuc;SDW;2045;8319.69128578678
VAR_FOut;SELC;2051;FTE-SIMESOL17;REG1;newtechs_nonuc;SDN;2023;9394.71138720751
VAR_FOut;SELC;2051;FTE-SIMESOL17;REG1;newtechs_nonuc;WDN;2023;6263.14092480502
VAR_FOut;SELC;2052;FTE-SIMESOL17;REG1;newtechs_nonuc;SDN;2023;11370.3128623095
VAR_FOut;SELC;2052;FTE-SIMESOL17;REG1;newtechs_nonuc;WDN;2023;7580.20857486732
VAR_FOut;SELC;2052;FTE-SIMESOL17;REG1;newtechs_nonuc;SDW;2045;11370.3128623095
VAR_FOut;SELC;2053;FTE-SIMESOL17;REG1;newtechs_nonuc;SDN;2023;13040.4479547702
VAR_FOut;SELC;2053;FTE-SIMESOL17;REG1;newtechs_nonuc;WDN;2023;8693.63196984683
VAR_FOut;SELC;2054;FTE-SIMESOL17;REG1;newtechs_nonuc;WDN;2023;8825.09198447534
VAR_FOut;SELC;2055;FTE-SIMESOL17;REG1;newtechs_nonuc;SDN;2024;13601.1746531303
VAR_FOut;SELC;2055;FTE-SIMESOL17;REG1;newtechs_nonuc;WDN;2053;9067.44976875337
VAR_FOut;SELC;2056;FTE-SIMESOL17;REG1;newtechs_nonuc;WDN;2048;9471.83959489147
VAR_FOut;SELC;2057;FTE-SIMESOL17;REG1;newtechs_nonuc;WDN;2027;10248.1726309756
VAR_FOut;SELC;2058;FTE-SIMESOL17;REG1;newtechs_nonuc;SDN;2027;16902.2863911592
VAR_FOut;SELC;2058;FTE-SIMESOL17;REG1;newtechs_nonuc;WDN;2027;11268.1909274395
VAR_FOut;SELC;2059;FTE-SIMESOL17;REG1;newtechs_nonuc;SDN;2027;17734.6998843912
VAR_FOut;SELC;2059;FTE-SIMESOL17;REG1;newtechs_nonuc;SDW;2027;17734.6998843912
VAR_FOut;SELC;2059;FTE-SIMESOL17;REG1;newtechs_nonuc;WDW;2027;11823.1332562608
VAR_FOut;SELC;2060;FTE-SIMESOL17;REG1;newtechs_nonuc;SDN;2027;18116.8954047828
VAR_FOut;SELC;2060;FTE-SIMESOL17;REG1;newtechs_nonuc;SDW;2027;18116.8954047828
VAR_FOut;SELC;2060;FTE-SIMESOL17;REG1;newtechs_nonuc;WDW;2027;12077.9302698552
VAR_FOut;SELC;2061;FTE-SIMESOL17;REG1;newtechs_nonuc;WDW;2026;13331.5649769705
VAR_FOut;SELC;2061;FTE-SIMESOL17;REG1;newtechs_nonuc;SDW;2044;19997.3474654557
VAR_FOut;SELC;2061;FTE-SIMESOL17;REG1;newtechs_nonuc;SDN;2055;19997.3474654557
VAR_FOut;SELC;2062;FTE-SIMESOL17;REG1;newtechs_nonuc;WDN;2018;18185.2335557619
VAR_FOut;SELC;2062;FTE-SIMESOL17;REG1;newtechs_nonuc;WDW;2034;18185.2335557619
VAR_FOut;SELC;2062;FTE-SIMESOL17;REG1;newtechs_nonuc;SDN;2041;27277.8503336429
VAR_FOut;SELC;2063;FTE-SIMESOL17;REG1;newtechs_nonuc;WDN;2020;21733.9060929007
VAR_FOut;SELC;2063;FTE-SIMESOL17;REG1;newtechs_nonuc;SDN;2040;32600.859139351
VAR_FOut;SELC;2063;FTE-SIMESOL17;REG1;newtechs_nonuc;SDW;2055;32600.859139351
VAR_FOut;SELC;2064;FTE-SIMESOL17;REG1;newtechs_nonuc;WDW;2024;1854.65587486168
VAR_FOut;SELC;2064;FTE-SIMESOL17;REG1;newtechs_nonuc;WDN;2031;25072.7844279217
VAR_FOut;SELC;2064;FTE-SIMESOL17;REG1;newtechs_nonuc;SDN;2037;37609.1766418826
VAR_FOut;SELC;2064;FTE-SIMESOL17;REG1;newtechs_nonuc;SDW;2053;37609.1766418825
VAR_FOut;SELC;2065;FTE-SIMESOL17;REG1;newtechs_nonuc;SDN;2047;41256.7588129142
VAR_FOut;SELC;2065;FTE-SIMESOL17;REG1;newtechs_nonuc;WDW;2051;27504.5058752761
VAR_FOut;SELC;2066;FTE-SIMESOL17;REG1;newtechs_nonuc;WDN;2023;30170.9363785463
VAR_FOut;SELC;2066;FTE-SIMESOL17;REG1;newtechs_nonuc;SDW;2024;45256.4045678194
VAR_FOut;SELC;2066;FTE-SIMESOL17;REG1;newtechs_nonuc;WDW;2058;30170.9363785463
VAR_FOut;SELC;2066;FTE-SIMESOL17;REG1;newtechs_nonuc;SDN;2064;45256.4045678194
VAR_FOut;SELC;2067;FTE-SIMESOL17;REG1;newtechs_nonuc;WDW;2020;42589.7109299648
VAR_FOut;SELC;2067;FTE-SIMESOL17;REG1;newtechs_nonuc;SDN;2025;63884.5663949472
VAR_FOut;SELC;2067;FTE-SIMESOL17;REG1;newtechs_nonuc;SDW;2049;63884.5663949472
VAR_FOut;SELC;2068;FTE-SIMESOL17;REG1;newtechs_nonuc;SDN;2023;78471.4180412625
VAR_FOut;SELC;2068;FTE-SIMESOL17;REG1;newtechs_nonuc;WDN;2029;52314.278694175
VAR_FOut;SELC;2068;FTE-SIMESOL17;REG1;newtechs_nonuc;WDW;2042;52314.278694175
VAR_FOut;SELC;2068;FTE-SIMESOL17;REG1;newtechs_nonuc;SDW;2050;78471.4180412625
VAR_FOut;SELC;2069;FTE-SIMESOL17;REG1;newtechs_nonuc;SDN;2029;96827.1070829619
VAR_FOut;SELC;2069;FTE-SIMESOL17;REG1;newtechs_nonuc;SDW;2034;110385.585257768
VAR_FOut;SELC;2069;FTE-SIMESOL17;REG1;newtechs_nonuc;WDN;2050;64667.7875791174
VAR_FOut;SELC;2069;FTE-SIMESOL17;REG1;newtechs_nonuc;WDW;2067;73590.390171845
VAR_FOut;SELC;2070;FTE-SIMESOL17;REG1;newtechs_nonuc;SDN;2022;96414.4109288949
VAR_FOut;SELC;2070;FTE-SIMESOL17;REG1;newtechs_nonuc;SDW;2026;88341.3637715879
VAR_FOut;SELC;2070;FTE-SIMESOL17;REG1;newtechs_nonuc;WDW;2033;60842.3556695566
VAR_FOut;SELC;2070;FTE-SIMESOL17;REG1;newtechs_nonuc;WDN;2050;60842.355669557
VAR_FOut;SELC;2071;FTE-SIMESOL17;REG1;newtechs_nonuc;WDW;2019;62254.4752983351
VAR_FOut;SELC;2071;FTE-SIMESOL17;REG1;newtechs_nonuc;SDW;2031;90043.9395299719
VAR_FOut;SELC;2071;FTE-SIMESOL17;REG1;newtechs_nonuc;SDN;2050;93527.0260727749
VAR_FOut;SELC;2071;FTE-SIMESOL17;REG1;newtechs_nonuc;WDN;2070;64299.463870348
VAR_FOut;SELC;2072;FTE-SIMESOL17;REG1;newtechs_nonuc;WDW;2024;62360.2515032918
VAR_FOut;SELC;2072;FTE-SIMESOL17;REG1;newtechs_nonuc;SDW;2039;96462.5469876846
VAR_FOut;SELC;2072;FTE-SIMESOL17;REG1;newtechs_nonuc;SDN;2050;96462.5469876846
VAR_FOut;SELC;2072;FTE-SIMESOL17;REG1;newtechs_nonuc;WDN;2050;62360.2515032918
VAR_FOut;SELC;2073;FTE-SIMESOL17;REG1;newtechs_nonuc;WDW;2033;60877.7257688214
VAR_FOut;SELC;2073;FTE-SIMESOL17;REG1;newtechs_nonuc;SDW;2039;91316.5886532321
VAR_FOut;SELC;2073;FTE-SIMESOL17;REG1;newtechs_nonuc;SDN;2050;93545.2963450451
VAR_FOut;SELC;2073;FTE-SIMESOL17;REG1;newtechs_nonuc;WDN;2050;64311.6440518614
VAR_FOut;SELC;2074;FTE-SIMESOL17;REG1;newtechs_nonuc;WDN;2050;62403.1296962815
VAR_FOut;SELC;2074;FTE-SIMESOL17;REG1;newtechs_nonuc;WDW;2050;94169.0798690895
VAR_FOut;SELC;2074;FTE-SIMESOL17;REG1;newtechs_nonuc;SDN;2055;96327.4535838451
VAR_FOut;SELC;2074;FTE-SIMESOL17;REG1;newtechs_nonuc;SDW;2069;141253.619803634
VAR_FOut;SELC;2075;FTE-SIMESOL17;REG1;newtechs_nonuc;SDN;2019;96144.2262141364
VAR_FOut;SELC;2075;FTE-SIMESOL17;REG1;newtechs_nonuc;SDW;2019;96144.2262141364
VAR_FOut;SELC;2075;FTE-SIMESOL17;REG1;newtechs_nonuc;WDN;2019;60662.2325263843
VAR_FOut;SELC;2075;FTE-SIMESOL17;REG1;newtechs_nonuc;WDW;2019;64096.1508094242
VAR_FOut;SELC;2076;FTE-SIMESOL17;REG1;newtechs_nonuc;SDN;2039;95988.9213418193
VAR_FOut;SELC;2076;FTE-SIMESOL17;REG1;newtechs_nonuc;SDW;2039;138744.561555777
VAR_FOut;SELC;2076;FTE-SIMESOL17;REG1;newtechs_nonuc;WDN;2039;63992.6142278795
VAR_FOut;SELC;2076;FTE-SIMESOL17;REG1;newtechs_nonuc;WDW;2039;63992.6142278795
VAR_FOut;SELC;2077;FTE-SIMESOL17;REG1;newtechs_nonuc;WDW;2027;63792.6808827666
VAR_FOut;SELC;2077;FTE-SIMESOL17;REG1;newtechs_nonuc;SDN;2039;85308.6657901956
VAR_FOut;SELC;2077;FTE-SIMESOL17;REG1;newtechs_nonuc;SDW;2039;160822.814199306
VAR_FOut;SELC;2077;FTE-SIMESOL17;REG1;newtechs_nonuc;WDN;2039;56872.4438601304
VAR_FOut;SELC;2078;FTE-SIMESOL17;REG1;newtechs_nonuc;SDW;2039;125937.632531318
VAR_FOut;SELC;2078;FTE-SIMESOL17;REG1;newtechs_nonuc;WDN;2039;63491.5883110754
VAR_FOut;SELC;2078;FTE-SIMESOL17;REG1;newtechs_nonuc;WDW;2039;63491.5883110754
VAR_FOut;SELC;2078;FTE-SIMESOL17;REG1;newtechs_nonuc;SDN;2053;85308.6657901956
VAR_FOut;SELC;2079;FTE-SIMESOL17;REG1;newtechs_nonuc;SDN;2039;85308.6657901956
VAR_FOut;SELC;2079;FTE-SIMESOL17;REG1;newtechs_nonuc;SDW;2039;159742.900554599
VAR_FOut;SELC;2079;FTE-SIMESOL17;REG1;newtechs_nonuc;WDN;2039;63099.4186714977
VAR_FOut;SELC;2079;FTE-SIMESOL17;REG1;newtechs_nonuc;WDW;2039;96500.4590318984
VAR_FOut;SELC;2080;FTE-SIMESOL17;REG1;newtechs_nonuc;WDW;2034;62725.4209996563
VAR_FOut;SELC;2080;FTE-SIMESOL17;REG1;newtechs_nonuc;SDN;2050;85308.6657901956
VAR_FOut;SELC;2080;FTE-SIMESOL17;REG1;newtechs_nonuc;WDN;2050;60306.3621431704
VAR_FOut;SELC;2080;FTE-SIMESOL17;REG1;newtechs_nonuc;SDW;2079;152289.750728166
VAR_FOut;SELC;2081;FTE-SIMESOL17;REG1;newtechs_nonuc;SDN;2032;90459.5432147557
VAR_FOut;SELC;2081;FTE-SIMESOL17;REG1;newtechs_nonuc;SDW;2034;68261.8747796745
VAR_FOut;SELC;2081;FTE-SIMESOL17;REG1;newtechs_nonuc;WDN;2050;60306.3621431704
VAR_FOut;SELC;2081;FTE-SIMESOL17;REG1;newtechs_nonuc;WDW;2050;116332.8
VAR_FOut;SELC;2082;FTE-SIMESOL17;REG1;newtechs_nonuc;SDW;2034;63122.7781918679
VAR_FOut;SELC;2082;FTE-SIMESOL17;REG1;newtechs_nonuc;SDN;2050;85308.6657901957
VAR_FOut;SELC;2082;FTE-SIMESOL17;REG1;newtechs_nonuc;WDN;2050;60306.3621431707
VAR_FOut;SELC;2082;FTE-SIMESOL17;REG1;newtechs_nonuc;WDW;2050;96653.2101516233
VAR_FOut;SELC;2083;FTE-SIMESOL17;REG1;newtechs_nonuc;SDN;2034;90459.5432147556
VAR_FOut;SELC;2083;FTE-SIMESOL17;REG1;newtechs_nonuc;SDW;2034;112328.387007421
VAR_FOut;SELC;2083;FTE-SIMESOL17;REG1;newtechs_nonuc;WDN;2034;60306.3621431704
VAR_FOut;SELC;2083;FTE-SIMESOL17;REG1;newtechs_nonuc;WDW;2034;62717.722689061
VAR_FOut;SELC;2084;FTE-SIMESOL17;REG1;newtechs_nonuc;SDN;2034;88913.2304466498
VAR_FOut;SELC;2084;FTE-SIMESOL17;REG1;newtechs_nonuc;SDW;2034;110643.240791511
VAR_FOut;SELC;2084;FTE-SIMESOL17;REG1;newtechs_nonuc;WDN;2034;60306.3621431704
VAR_FOut;SELC;2084;FTE-SIMESOL17;REG1;newtechs_nonuc;WDW;2034;89888.5738811046
VAR_FOut;SELC;2085;FTE-SIMESOL17;REG1;newtechs_nonuc;SDN;2075;83125.6780079545
VAR_FOut;SELC;2085;FTE-SIMESOL17;REG1;newtechs_nonuc;SDW;2075;145082.167326382
VAR_FOut;SELC;2085;FTE-SIMESOL17;REG1;newtechs_nonuc;WDN;2075;60306.3621431704
VAR_FOut;SELC;2085;FTE-SIMESOL17;REG1;newtechs_nonuc;WDW;2075;60306.3621431704
VAR_FOut;SELC;2086;FTE-SIMESOL17;REG1;newtechs_nonuc;SDN;2075;85308.6657901959
VAR_FOut;SELC;2086;FTE-SIMESOL17;REG1;newtechs_nonuc;SDW;2075;59115.3133282311
VAR_FOut;SELC;2086;FTE-SIMESOL17;REG1;newtechs_nonuc;WDN;2075;62692.7703642971
VAR_FOut;SELC;2086;FTE-SIMESOL17;REG1;newtechs_nonuc;WDW;2075;62692.7703642971
VAR_FOut;SELC;2087;FTE-SIMESOL17;REG1;newtechs_nonuc;SDN;2075;85308.6657901957
VAR_FOut;SELC;2087;FTE-SIMESOL17;REG1;newtechs_nonuc;SDW;2075;59338.2233877103
VAR_FOut;SELC;2087;FTE-SIMESOL17;REG1;newtechs_nonuc;WDN;2075;62694.8768208273
VAR_FOut;SELC;2087;FTE-SIMESOL17;REG1;newtechs_nonuc;WDW;2075;62694.876820827
VAR_FOut;SELC;2088;FTE-SIMESOL17;REG1;newtechs_nonuc;SDN;2050;85308.6657901957
VAR_FOut;SELC;2088;FTE-SIMESOL17;REG1;newtechs_nonuc;SDW;2050;152383.997422193
VAR_FOut;SELC;2088;FTE-SIMESOL17;REG1;newtechs_nonuc;WDN;2050;60306.3621431704
VAR_FOut;SELC;2088;FTE-SIMESOL17;REG1;newtechs_nonuc;WDW;2050;60306.3621431704
VAR_FOut;SELC;2089;FTE-SIMESOL17;REG1;newtechs_nonuc;WDN;2031;59294.2888060834
VAR_FOut;SELC;2089;FTE-SIMESOL17;REG1;newtechs_nonuc;WDW;2032;62728.2070891234
VAR_FOut;SELC;2089;FTE-SIMESOL17;REG1;newtechs_nonuc;SDW;2071;152395.778258949
VAR_FOut;SELC;2089;FTE-SIMESOL17;REG1;newtechs_nonuc;SDN;2080;85308.6657901956
VAR_FOut;SELC;2090;FTE-SIMESOL17;REG1;newtechs_nonuc;SDN;2022;85308.6657901956
VAR_FOut;SELC;2090;FTE-SIMESOL17;REG1;newtechs_nonuc;SDW;2035;107769.280364838
VAR_FOut;SELC;2090;FTE-SIMESOL17;REG1;newtechs_nonuc;WDW;2051;88996.1020242079
VAR_FOut;SELC;2090;FTE-SIMESOL17;REG1;newtechs_nonuc;WDN;2072;62728.5166546198
VAR_FOut;SELC;2091;FTE-SIMESOL17;REG1;newtechs_nonuc;SDN;2050;85308.6657901956
VAR_FOut;SELC;2091;FTE-SIMESOL17;REG1;newtechs_nonuc;WDN;2059;59294.9079370761
VAR_FOut;SELC;2091;FTE-SIMESOL17;REG1;newtechs_nonuc;WDW;2060;116332.8
VAR_FOut;SELC;2091;FTE-SIMESOL17;REG1;newtechs_nonuc;SDW;2089;152419.339932453
VAR_FOut;SELC;2092;FTE-SIMESOL17;REG1;newtechs_nonuc;WDN;2017;62729.1357856125
VAR_FOut;SELC;2092;FTE-SIMESOL17;REG1;newtechs_nonuc;SDW;2060;106208.217150214
VAR_FOut;SELC;2092;FTE-SIMESOL17;REG1;newtechs_nonuc;SDN;2080;85308.6657901956
VAR_FOut;SELC;2092;FTE-SIMESOL17;REG1;newtechs_nonuc;WDW;2083;116332.8
VAR_FOut;SELC;2093;FTE-SIMESOL17;REG1;newtechs_nonuc;WDN;2056;59295.5270680688
VAR_FOut;SELC;2093;FTE-SIMESOL17;REG1;newtechs_nonuc;SDN;2058;81945.1909317675
VAR_FOut;SELC;2093;FTE-SIMESOL17;REG1;newtechs_nonuc;SDW;2062;155806.376464387
VAR_FOut;SELC;2093;FTE-SIMESOL17;REG1;newtechs_nonuc;WDW;2062;116332.8
VAR_FOut;SELC;2094;FTE-SIMESOL17;REG1;newtechs_nonuc;SDN;2077;85308.6657901956
VAR_FOut;SELC;2094;FTE-SIMESOL17;REG1;newtechs_nonuc;SDW;2077;63264.1482329086
VAR_FOut;SELC;2094;FTE-SIMESOL17;REG1;newtechs_nonuc;WDN;2077;60306.3621431704
VAR_FOut;SELC;2094;FTE-SIMESOL17;REG1;newtechs_nonuc;WDW;2077;116332.8
VAR_FOut;SELC;2095;FTE-SIMESOL17;REG1;newtechs_nonuc;WDW;2043;89790.5266545133
VAR_FOut;SELC;2095;FTE-SIMESOL17;REG1;newtechs_nonuc;WDN;2060;59296.1461990615
VAR_FOut;SELC;2095;FTE-SIMESOL17;REG1;newtechs_nonuc;SDN;2077;85308.6657901956
VAR_FOut;SELC;2095;FTE-SIMESOL17;REG1;newtechs_nonuc;SDW;2077;152466.463279467
VAR_FOut;SELC;2096;FTE-SIMESOL17;REG1;newtechs_nonuc;WDN;2040;59296.4557645579
VAR_FOut;SELC;2096;FTE-SIMESOL17;REG1;newtechs_nonuc;SDW;2056;63287.7099064157
VAR_FOut;SELC;2096;FTE-SIMESOL17;REG1;newtechs_nonuc;WDW;2077;116332.8
VAR_FOut;SELC;2096;FTE-SIMESOL17;REG1;newtechs_nonuc;SDN;2086;85308.6657901957
VAR_FOut;SELC;2097;FTE-SIMESOL17;REG1;newtechs_nonuc;SDN;2077;90459.5432147557
VAR_FOut;SELC;2097;FTE-SIMESOL17;REG1;newtechs_nonuc;SDW;2077;152490.024952973
VAR_FOut;SELC;2097;FTE-SIMESOL17;REG1;newtechs_nonuc;WDN;2077;62730.6836130942
VAR_FOut;SELC;2097;FTE-SIMESOL17;REG1;newtechs_nonuc;WDW;2077;62730.6836130942
VAR_FOut;SELC;2098;FTE-SIMESOL17;REG1;newtechs_nonuc;SDN;2077;85308.6657901956
VAR_FOut;SELC;2098;FTE-SIMESOL17;REG1;newtechs_nonuc;SDW;2077;152501.805789727
VAR_FOut;SELC;2098;FTE-SIMESOL17;REG1;newtechs_nonuc;WDN;2077;62730.9931785908
VAR_FOut;SELC;2098;FTE-SIMESOL17;REG1;newtechs_nonuc;WDW;2077;62730.9931785906
VAR_FOut;SELC;2099;FTE-SIMESOL17;REG1;newtechs_nonuc;SDN;2077;85308.6657901957
VAR_FOut;SELC;2099;FTE-SIMESOL17;REG1;newtechs_nonuc;SDW;2077;152513.58662648
VAR_FOut;SELC;2099;FTE-SIMESOL17;REG1;newtechs_nonuc;WDN;2077;62731.3027440869
VAR_FOut;SELC;2099;FTE-SIMESOL17;REG1;newtechs_nonuc;WDW;2077;116332.8
VAR_FOut;SELC;2100;FTE-SIMESOL17;REG1;newtechs_nonuc;SDN;2066;85308.6657901957
VAR_FOut;SELC;2100;FTE-SIMESOL17;REG1;newtechs_nonuc;SDW;2066;152525.367463234
VAR_FOut;SELC;2100;FTE-SIMESOL17;REG1;newtechs_nonuc;WDN;2066;60306.3621431705
VAR_FOut;SELC;2100;FTE-SIMESOL17;REG1;newtechs_nonuc;WDW;2066;62731.6123095833
VAR_FOut;SELC;2038;FTE-SIMEWOFX17;REG1;newtechs_nonuc;SDW;2033;683.690945428199
VAR_FOut;SELC;2042;FTE-SIMEWOFX17;REG1;newtechs_nonuc;SDW;2040;4239.12234443991
VAR_FOut;SELC;2043;FTE-SIMEWOFX17;REG1;newtechs_nonuc;SDW;2023;5612.54681332789
VAR_FOut;SELC;2043;FTE-SIMEWOFX17;REG1;newtechs_nonuc;WDW;2033;3741.69787555193
VAR_FOut;SELC;2044;FTE-SIMEWOFX17;REG1;newtechs_nonuc;SDW;2018;5808.52494079478
VAR_FOut;SELC;2045;FTE-SIMEWOFX17;REG1;newtechs_nonuc;WDW;2033;6158.92494079478
VAR_FOut;SELC;2045;FTE-SIMEWOFX17;REG1;newtechs_nonuc;SDW;2042;7390.70992895374
VAR_FOut;SELC;2046;FTE-SIMEWOFX17;REG1;newtechs_nonuc;WNW;2023;12098.2064748327
VAR_FOut;SELC;2046;FTE-SIMEWOFX17;REG1;newtechs_nonuc;SDW;2040;9289.33191474448
VAR_FOut;SELC;2046;FTE-SIMEWOFX17;REG1;newtechs_nonuc;WDW;2042;7741.10992895373
VAR_FOut;SELC;2047;FTE-SIMEWOFX17;REG1;newtechs_nonuc;SDW;2017;10128.3032619197
VAR_FOut;SELC;2048;FTE-SIMEWOFX17;REG1;newtechs_nonuc;SDW;2017;17740.3792574544
VAR_FOut;SELC;2048;FTE-SIMEWOFX17;REG1;newtechs_nonuc;SNW;2017;34494.2849072557
VAR_FOut;SELC;2048;FTE-SIMEWOFX17;REG1;newtechs_nonuc;WNW;2023;52467.6378894839
VAR_FOut;SELC;2049;FTE-SIMEWOFX17;REG1;newtechs_nonuc;SDW;2045;21978.1409358481
VAR_FOut;SELC;2049;FTE-SIMEWOFX17;REG1;newtechs_nonuc;SNW;2045;61952.8644516894
VAR_FOut;SELC;2049;FTE-SIMEWOFX17;REG1;newtechs_nonuc;WNW;2045;73260.4697861603
VAR_FOut;SELC;2050;FTE-SIMEWOFX17;REG1;newtechs_nonuc;SNW;2045;72094.6909148562
VAR_FOut;SELC;2051;FTE-SIMEWOFX17;REG1;newtechs_nonuc;SDW;2045;26899.3691230177
VAR_FOut;SELC;2051;FTE-SIMEWOFX17;REG1;newtechs_nonuc;SNW;2045;64545.6778102486
VAR_FOut;SELC;2051;FTE-SIMEWOFX17;REG1;newtechs_nonuc;WDW;2045;17932.9127486785
VAR_FOut;SELC;2052;FTE-SIMEWOFX17;REG1;newtechs_nonuc;WDW;2045;19344.5130065598
VAR_FOut;SELC;2052;FTE-SIMEWOFX17;REG1;newtechs_nonuc;WNW;2045;69625.3676298561
VAR_FOut;SELC;2054;FTE-SIMEWOFX17;REG1;newtechs_nonuc;SDW;2023;34095.2781827948
VAR_FOut;SELC;2054;FTE-SIMEWOFX17;REG1;newtechs_nonuc;SNW;2023;69923.6300747031
VAR_FOut;SELC;2054;FTE-SIMEWOFX17;REG1;newtechs_nonuc;WDW;2023;22730.1854551965
VAR_FOut;SELC;2055;FTE-SIMEWOFX17;REG1;newtechs_nonuc;SNW;2027;78741.7788162661
VAR_FOut;SELC;2055;FTE-SIMEWOFX17;REG1;newtechs_nonuc;WDW;2027;24245.9857622842
VAR_FOut;SELC;2055;FTE-SIMEWOFX17;REG1;newtechs_nonuc;WNW;2054;89589.3542008815
VAR_FOut;SELC;2056;FTE-SIMEWOFX17;REG1;newtechs_nonuc;SDW;2027;38154.6475559351
VAR_FOut;SELC;2056;FTE-SIMEWOFX17;REG1;newtechs_nonuc;WDW;2027;25436.4317039568
VAR_FOut;SELC;2056;FTE-SIMEWOFX17;REG1;newtechs_nonuc;WNW;2027;88202.3902726666
VAR_FOut;SELC;2056;FTE-SIMEWOFX17;REG1;newtechs_nonuc;SNW;2037;94041.1746027822
VAR_FOut;SELC;2057;FTE-SIMEWOFX17;REG1;newtechs_nonuc;SDW;2027;38946.96
VAR_FOut;SELC;2057;FTE-SIMEWOFX17;REG1;newtechs_nonuc;WDW;2027;25964.64
VAR_FOut;SELC;2057;FTE-SIMEWOFX17;REG1;newtechs_nonuc;WNW;2027;91158.2596214594
VAR_FOut;SELC;2057;FTE-SIMEWOFX17;REG1;newtechs_nonuc;SNW;2051;97366.5052362853
VAR_FOut;SELC;2058;FTE-SIMEWOFX17;REG1;newtechs_nonuc;SDW;2027;39630.24
VAR_FOut;SELC;2058;FTE-SIMEWOFX17;REG1;newtechs_nonuc;WNW;2027;94374.1348187272
VAR_FOut;SELC;2059;FTE-SIMEWOFX17;REG1;newtechs_nonuc;SDW;2027;40313.52
VAR_FOut;SELC;2059;FTE-SIMEWOFX17;REG1;newtechs_nonuc;SNW;2027;103276.409845726
VAR_FOut;SELC;2059;FTE-SIMEWOFX17;REG1;newtechs_nonuc;WDW;2027;26875.68
VAR_FOut;SELC;2059;FTE-SIMEWOFX17;REG1;newtechs_nonuc;WNW;2027;86671.1125567769
VAR_FOut;SELC;2060;FTE-SIMEWOFX17;REG1;newtechs_nonuc;SDW;2027;40996.8
VAR_FOut;SELC;2060;FTE-SIMEWOFX17;REG1;newtechs_nonuc;SNW;2027;100414.218887764
VAR_FOut;SELC;2060;FTE-SIMEWOFX17;REG1;newtechs_nonuc;WDW;2027;27331.2
VAR_FOut;SELC;2060;FTE-SIMEWOFX17;REG1;newtechs_nonuc;WNW;2027;96029.1215988168
VAR_FOut;SELC;2061;FTE-SIMEWOFX17;REG1;newtechs_nonuc;SNW;2043;98948.5894019517
VAR_FOut;SELC;2061;FTE-SIMEWOFX17;REG1;newtechs_nonuc;WNW;2058;98948.5894019514
VAR_FOut;SELC;2062;FTE-SIMEWOFX17;REG1;newtechs_nonuc;WNW;2027;80401.399946039
VAR_FOut;SELC;2062;FTE-SIMEWOFX17;REG1;newtechs_nonuc;SDW;2051;42363.36
VAR_FOut;SELC;2063;FTE-SIMEWOFX17;REG1;newtechs_nonuc;SDW;2032;23483.8374857468
VAR_FOut;SELC;2063;FTE-SIMEWOFX17;REG1;newtechs_nonuc;WDW;2057;28697.76
VAR_FOut;SELC;2064;FTE-SIMEWOFX17;REG1;newtechs_nonuc;SDW;2018;43729.92
VAR_FOut;SELC;2064;FTE-SIMEWOFX17;REG1;newtechs_nonuc;SNW;2043;114372.160946337
VAR_FOut;SELC;2064;FTE-SIMEWOFX17;REG1;newtechs_nonuc;WNW;2049;104578.476414779
VAR_FOut;SELC;2065;FTE-SIMEWOFX17;REG1;newtechs_nonuc;SDW;2039;5308.07237474175
VAR_FOut;SELC;2065;FTE-SIMEWOFX17;REG1;newtechs_nonuc;WNW;2058;122829.484936682
VAR_FOut;SELC;2066;FTE-SIMEWOFX17;REG1;newtechs_nonuc;SNW;2058;113893.448960771
VAR_FOut;SELC;2067;FTE-SIMEWOFX17;REG1;newtechs_nonuc;SNW;2055;116830.050342463
VAR_FOut;SELC;2067;FTE-SIMEWOFX17;REG1;newtechs_nonuc;WNW;2056;98026.9709445563
VAR_FOut;SELC;2067;FTE-SIMEWOFX17;REG1;newtechs_nonuc;WDW;2067;30519.8399999997
VAR_FOut;SELC;2068;FTE-SIMEWOFX17;REG1;newtechs_nonuc;SNW;2020;101624.777932881
VAR_FOut;SELC;2068;FTE-SIMEWOFX17;REG1;newtechs_nonuc;WNW;2024;102160.421795202
VAR_FOut;SELC;2068;FTE-SIMEWOFX17;REG1;newtechs_nonuc;SDW;2049;38909.6291085998
VAR_FOut;SELC;2068;FTE-SIMEWOFX17;REG1;newtechs_nonuc;WDW;2068;30975.36
VAR_FOut;SELC;2069;FTE-SIMEWOFX17;REG1;newtechs_nonuc;SNW;2037;122980.772119764
VAR_FOut;SELC;2069;FTE-SIMEWOFX17;REG1;newtechs_nonuc;WDW;2050;20494.0633832092
VAR_FOut;SELC;2069;FTE-SIMEWOFX17;REG1;newtechs_nonuc;WNW;2054;122980.772119764
VAR_FOut;SELC;2070;FTE-SIMEWOFX17;REG1;newtechs_nonuc;SDW;2043;47829.6
VAR_FOut;SELC;2070;FTE-SIMEWOFX17;REG1;newtechs_nonuc;WDW;2050;31886.4
VAR_FOut;SELC;2070;FTE-SIMEWOFX17;REG1;newtechs_nonuc;WNW;2050;125560.376491675
VAR_FOut;SELC;2070;FTE-SIMEWOFX17;REG1;newtechs_nonuc;SNW;2053;118499.778347783
VAR_FOut;SELC;2071;FTE-SIMEWOFX17;REG1;newtechs_nonuc;WNW;2019;114842.857996182
VAR_FOut;SELC;2071;FTE-SIMEWOFX17;REG1;newtechs_nonuc;SDW;2053;46748.1141840991
VAR_FOut;SELC;2071;FTE-SIMEWOFX17;REG1;newtechs_nonuc;WDW;2054;31165.4094560661
VAR_FOut;SELC;2072;FTE-SIMEWOFX17;REG1;newtechs_nonuc;SNW;2028;107038.856936752
VAR_FOut;SELC;2072;FTE-SIMEWOFX17;REG1;newtechs_nonuc;SDW;2044;45847.2215580831
VAR_FOut;SELC;2072;FTE-SIMEWOFX17;REG1;newtechs_nonuc;WDW;2070;30564.8143720554
VAR_FOut;SELC;2073;FTE-SIMEWOFX17;REG1;newtechs_nonuc;WDW;2050;30011.5832925473
VAR_FOut;SELC;2073;FTE-SIMEWOFX17;REG1;newtechs_nonuc;WNW;2052;114329.727178588
VAR_FOut;SELC;2073;FTE-SIMEWOFX17;REG1;newtechs_nonuc;SDW;2055;45017.3749388209
VAR_FOut;SELC;2074;FTE-SIMEWOFX17;REG1;newtechs_nonuc;SNW;2057;108559.970164692
VAR_FOut;SELC;2074;FTE-SIMEWOFX17;REG1;newtechs_nonuc;WNW;2072;125729.561579892
VAR_FOut;SELC;2075;FTE-SIMEWOFX17;REG1;newtechs_nonuc;WDW;2019;30036.2129624751
VAR_FOut;SELC;2075;FTE-SIMEWOFX17;REG1;newtechs_nonuc;SDW;2039;45054.3194437127
VAR_FOut;SELC;2075;FTE-SIMEWOFX17;REG1;newtechs_nonuc;SNW;2046;127920.625988565
VAR_FOut;SELC;2076;FTE-SIMEWOFX17;REG1;newtechs_nonuc;SNW;2039;140768.135951773
VAR_FOut;SELC;2076;FTE-SIMEWOFX17;REG1;newtechs_nonuc;WNW;2039;140768.135951773
VAR_FOut;SELC;2076;FTE-SIMEWOFX17;REG1;newtechs_nonuc;WDW;2058;30036.2129624751
VAR_FOut;SELC;2077;FTE-SIMEWOFX17;REG1;newtechs_nonuc;SNW;2039;144953.056230602
VAR_FOut;SELC;2077;FTE-SIMEWOFX17;REG1;newtechs_nonuc;WDW;2039;30547.5303633538
VAR_FOut;SELC;2077;FTE-SIMEWOFX17;REG1;newtechs_nonuc;WNW;2039;144953.056230602
VAR_FOut;SELC;2077;FTE-SIMEWOFX17;REG1;newtechs_nonuc;SDW;2053;45821.2955450306
VAR_FOut;SELC;2078;FTE-SIMEWOFX17;REG1;newtechs_nonuc;SNW;2039;123243.721337273
VAR_FOut;SELC;2078;FTE-SIMEWOFX17;REG1;newtechs_nonuc;WDW;2039;31716.8854392894
VAR_FOut;SELC;2078;FTE-SIMEWOFX17;REG1;newtechs_nonuc;WNW;2039;151922.368751824
VAR_FOut;SELC;2079;FTE-SIMEWOFX17;REG1;newtechs_nonuc;WNW;2050;161010.295159492
VAR_FOut;SELC;2079;FTE-SIMEWOFX17;REG1;newtechs_nonuc;SNW;2053;161010.295159492
VAR_FOut;SELC;2080;FTE-SIMEWOFX17;REG1;newtechs_nonuc;SDW;2034;42124.8457097867
VAR_FOut;SELC;2080;FTE-SIMEWOFX17;REG1;newtechs_nonuc;WDW;2034;34983.5866130607
VAR_FOut;SELC;2080;FTE-SIMEWOFX17;REG1;newtechs_nonuc;WNW;2050;169681.038063585
VAR_FOut;SELC;2080;FTE-SIMEWOFX17;REG1;newtechs_nonuc;SNW;2053;169681.038063585
VAR_FOut;SELC;2081;FTE-SIMEWOFX17;REG1;newtechs_nonuc;SDW;2034;51683.0674755262
VAR_FOut;SELC;2081;FTE-SIMEWOFX17;REG1;newtechs_nonuc;WNW;2067;169669.544410851
VAR_FOut;SELC;2081;FTE-SIMEWOFX17;REG1;newtechs_nonuc;SNW;2076;169669.544410851
VAR_FOut;SELC;2082;FTE-SIMEWOFX17;REG1;newtechs_nonuc;SDW;2050;50890.7550314614
VAR_FOut;SELC;2082;FTE-SIMEWOFX17;REG1;newtechs_nonuc;WNW;2050;169635.850104871
VAR_FOut;SELC;2082;FTE-SIMEWOFX17;REG1;newtechs_nonuc;SNW;2056;169635.850104871
VAR_FOut;SELC;2083;FTE-SIMEWOFX17;REG1;newtechs_nonuc;SNW;2034;167358.250104871
VAR_FOut;SELC;2083;FTE-SIMEWOFX17;REG1;newtechs_nonuc;WDW;2034;33471.6500209742
VAR_FOut;SELC;2083;FTE-SIMEWOFX17;REG1;newtechs_nonuc;WNW;2034;167358.250104871
VAR_FOut;SELC;2084;FTE-SIMEWOFX17;REG1;newtechs_nonuc;SNW;2034;165080.650104871
VAR_FOut;SELC;2084;FTE-SIMEWOFX17;REG1;newtechs_nonuc;WNW;2034;158260.460820723
VAR_FOut;SELC;2085;FTE-SIMEWOFX17;REG1;newtechs_nonuc;SDW;2075;48840.9150314614
VAR_FOut;SELC;2085;FTE-SIMEWOFX17;REG1;newtechs_nonuc;SNW;2075;162803.050104871
VAR_FOut;SELC;2085;FTE-SIMEWOFX17;REG1;newtechs_nonuc;WDW;2082;32560.6100209743
VAR_FOut;SELC;2086;FTE-SIMEWOFX17;REG1;newtechs_nonuc;SDW;2075;48157.6350314614
VAR_FOut;SELC;2086;FTE-SIMEWOFX17;REG1;newtechs_nonuc;SNW;2075;141791.669405523
VAR_FOut;SELC;2086;FTE-SIMEWOFX17;REG1;newtechs_nonuc;WDW;2075;32105.0900209742
VAR_FOut;SELC;2086;FTE-SIMEWOFX17;REG1;newtechs_nonuc;WNW;2075;160525.450104871
VAR_FOut;SELC;2087;FTE-SIMEWOFX17;REG1;newtechs_nonuc;SDW;2075;47342.6125769379
VAR_FOut;SELC;2087;FTE-SIMEWOFX17;REG1;newtechs_nonuc;SNW;2075;157808.708589793
VAR_FOut;SELC;2087;FTE-SIMEWOFX17;REG1;newtechs_nonuc;WDW;2075;31561.7417179586
VAR_FOut;SELC;2087;FTE-SIMEWOFX17;REG1;newtechs_nonuc;WNW;2075;157808.708589793
VAR_FOut;SELC;2088;FTE-SIMEWOFX17;REG1;newtechs_nonuc;SDW;2050;46136.880367072
VAR_FOut;SELC;2088;FTE-SIMEWOFX17;REG1;newtechs_nonuc;SNW;2050;153789.601223573
VAR_FOut;SELC;2088;FTE-SIMEWOFX17;REG1;newtechs_nonuc;WDW;2050;30757.9202447147
VAR_FOut;SELC;2088;FTE-SIMEWOFX17;REG1;newtechs_nonuc;WNW;2050;153789.601223573
VAR_FOut;SELC;2089;FTE-SIMEWOFX17;REG1;newtechs_nonuc;WNW;2039;151148.559743356
VAR_FOut;SELC;2089;FTE-SIMEWOFX17;REG1;newtechs_nonuc;SDW;2048;42089.6337132024
VAR_FOut;SELC;2089;FTE-SIMEWOFX17;REG1;newtechs_nonuc;SNW;2050;140298.779044008
VAR_FOut;SELC;2089;FTE-SIMEWOFX17;REG1;newtechs_nonuc;WDW;2057;30229.7119486712
VAR_FOut;SELC;2090;FTE-SIMEWOFX17;REG1;newtechs_nonuc;SNW;2027;140285.737563793
VAR_FOut;SELC;2091;FTE-SIMEWOFX17;REG1;newtechs_nonuc;WNW;2030;145866.476782924
VAR_FOut;SELC;2091;FTE-SIMEWOFX17;REG1;newtechs_nonuc;SNW;2089;145866.476782924
VAR_FOut;SELC;2092;FTE-SIMEWOFX17;REG1;newtechs_nonuc;SNW;2053;143225.435302708
VAR_FOut;SELC;2093;FTE-SIMEWOFX17;REG1;newtechs_nonuc;SDW;2062;42073.9839369433
VAR_FOut;SELC;2093;FTE-SIMEWOFX17;REG1;newtechs_nonuc;SNW;2062;140584.393822492
VAR_FOut;SELC;2093;FTE-SIMEWOFX17;REG1;newtechs_nonuc;WDW;2062;28116.8787644984
VAR_FOut;SELC;2094;FTE-SIMEWOFX17;REG1;newtechs_nonuc;WDW;2058;27588.6704684551
VAR_FOut;SELC;2094;FTE-SIMEWOFX17;REG1;newtechs_nonuc;WNW;2077;137943.352342276
VAR_FOut;SELC;2094;FTE-SIMEWOFX17;REG1;newtechs_nonuc;SDW;2093;41383.0057026827
VAR_FOut;SELC;2094;FTE-SIMEWOFX17;REG1;newtechs_nonuc;SNW;2093;137943.352342276
VAR_FOut;SELC;2096;FTE-SIMEWOFX17;REG1;newtechs_nonuc;SDW;2077;39798.3808145529
VAR_FOut;SELC;2096;FTE-SIMEWOFX17;REG1;newtechs_nonuc;SNW;2077;132661.269381843
VAR_FOut;SELC;2096;FTE-SIMEWOFX17;REG1;newtechs_nonuc;WNW;2077;132661.269381843
VAR_FOut;SELC;2097;FTE-SIMEWOFX17;REG1;newtechs_nonuc;WDW;2077;26004.0455803253
VAR_FOut;SELC;2097;FTE-SIMEWOFX17;REG1;newtechs_nonuc;WNW;2077;130020.227901626
VAR_FOut;SELC;2097;FTE-SIMEWOFX17;REG1;newtechs_nonuc;SDW;2087;39006.0683704879
VAR_FOut;SELC;2098;FTE-SIMEWOFX17;REG1;newtechs_nonuc;SDW;2077;38213.7559264231
VAR_FOut;SELC;2098;FTE-SIMEWOFX17;REG1;newtechs_nonuc;WDW;2077;25475.8372842821
VAR_FOut;SELC;2098;FTE-SIMEWOFX17;REG1;newtechs_nonuc;WNW;2077;127379.18642141
VAR_FOut;SELC;2099;FTE-SIMEWOFX17;REG1;newtechs_nonuc;SDW;2066;37421.4434823582
VAR_FOut;SELC;2100;FTE-SIMEWOFX17;REG1;newtechs_nonuc;SDW;2066;36629.1310382933
VAR_FOut;SELC;2100;FTE-SIMEWOFX17;REG1;newtechs_nonuc;WDW;2066;24419.4206921955
VAR_FOut;SELC;2100;FTE-SIMEWOFX17;REG1;newtechs_nonuc;WNW;2066;122097.103460978
VAR_FOut;SELC;2026;FTE-SIMEWON17;REG1;newtechs_nonuc;WNW;2020;102.746039667053
VAR_FOut;SELC;2027;FTE-SIMEWON17;REG1;newtechs_nonuc;WDW;2017;1181.65146564199
VAR_FOut;SELC;2028;FTE-SIMEWON17;REG1;newtechs_nonuc;SDW;2018;2423.35914744581
VAR_FOut;SELC;2030;FTE-SIMEWON17;REG1;newtechs_nonuc;SDW;2017;5841.63695918342
VAR_FOut;SELC;2030;FTE-SIMEWON17;REG1;newtechs_nonuc;WDW;2017;5392.28027001545
VAR_FOut;SELC;2031;FTE-SIMEWON17;REG1;newtechs_nonuc;WDW;2017;7710.7643510201
VAR_FOut;SELC;2032;FTE-SIMEWON17;REG1;newtechs_nonuc;SDW;2032;11618.52646102
VAR_FOut;SELC;2033;FTE-SIMEWON17;REG1;newtechs_nonuc;WDW;2019;5064.58359252631
VAR_FOut;SELC;2035;FTE-SIMEWON17;REG1;newtechs_nonuc;WDW;2018;23957.9656379284
VAR_FOut;SELC;2036;FTE-SIMEWON17;REG1;newtechs_nonuc;SDW;2030;34971.15590101
VAR_FOut;SELC;2038;FTE-SIMEWON17;REG1;newtechs_nonuc;SDW;2034;22967.6982627022
VAR_FOut;SELC;2039;FTE-SIMEWON17;REG1;newtechs_nonuc;WDW;2022;26513.4836574627
VAR_FOut;SELC;2039;FTE-SIMEWON17;REG1;newtechs_nonuc;SDW;2035;39770.2254861941
VAR_FOut;SELC;2041;FTE-SIMEWON17;REG1;newtechs_nonuc;SDW;2017;39723.803491782
VAR_FOut;SELC;2042;FTE-SIMEWON17;REG1;newtechs_nonuc;WDW;2018;26513.4836574627
VAR_FOut;SELC;2043;FTE-SIMEWON17;REG1;newtechs_nonuc;SDW;2038;40325.4810486204
VAR_FOut;SELC;2044;FTE-SIMEWON17;REG1;newtechs_nonuc;SDW;2030;33929.5079186845
VAR_FOut;SELC;2045;FTE-SIMEWON17;REG1;newtechs_nonuc;WDW;2038;28274.5899322371
VAR_FOut;SELC;2047;FTE-SIMEWON17;REG1;newtechs_nonuc;WDW;2017;6752.20217461315
VAR_FOut;SELC;2047;FTE-SIMEWON17;REG1;newtechs_nonuc;WNW;2024;26438.2760749767
VAR_FOut;SELC;2048;FTE-SIMEWON17;REG1;newtechs_nonuc;WDW;2027;12894.2933213617
VAR_FOut;SELC;2049;FTE-SIMEWON17;REG1;newtechs_nonuc;WDW;2027;36266.4
VAR_FOut;SELC;2049;FTE-SIMEWON17;REG1;newtechs_nonuc;WNW;2045;6189.60359227852
VAR_FOut;SELC;2050;FTE-SIMEWON17;REG1;newtechs_nonuc;WDW;2023;17924.5510109439
VAR_FOut;SELC;2050;FTE-SIMEWON17;REG1;newtechs_nonuc;SDW;2027;21628.4072744568
VAR_FOut;SELC;2050;FTE-SIMEWON17;REG1;newtechs_nonuc;WNW;2045;95904.584589072
VAR_FOut;SELC;2051;FTE-SIMEWON17;REG1;newtechs_nonuc;SDW;2023;55976.4
VAR_FOut;SELC;2051;FTE-SIMEWON17;REG1;newtechs_nonuc;WDW;2042;37317.6
VAR_FOut;SELC;2051;FTE-SIMEWON17;REG1;newtechs_nonuc;WNW;2045;64545.6778102486
VAR_FOut;SELC;2052;FTE-SIMEWON17;REG1;newtechs_nonuc;SDW;2023;20887.6102889438
VAR_FOut;SELC;2052;FTE-SIMEWON17;REG1;newtechs_nonuc;SNW;2045;69625.3676298561
VAR_FOut;SELC;2052;FTE-SIMEWON17;REG1;newtechs_nonuc;WDW;2045;37843.2
VAR_FOut;SELC;2053;FTE-SIMEWON17;REG1;newtechs_nonuc;SDW;2023;36213.2286778952
VAR_FOut;SELC;2053;FTE-SIMEWON17;REG1;newtechs_nonuc;SNW;2023;68145.6470319401
VAR_FOut;SELC;2053;FTE-SIMEWON17;REG1;newtechs_nonuc;WDW;2023;24142.1524519302
VAR_FOut;SELC;2053;FTE-SIMEWON17;REG1;newtechs_nonuc;WNW;2023;68145.6470319401
VAR_FOut;SELC;2054;FTE-SIMEWON17;REG1;newtechs_nonuc;SDW;2023;58341.6
VAR_FOut;SELC;2054;FTE-SIMEWON17;REG1;newtechs_nonuc;WDW;2023;38894.4
VAR_FOut;SELC;2054;FTE-SIMEWON17;REG1;newtechs_nonuc;WNW;2023;83471.980843934
VAR_FOut;SELC;2055;FTE-SIMEWON17;REG1;newtechs_nonuc;SDW;2027;40477.9809133944
VAR_FOut;SELC;2055;FTE-SIMEWON17;REG1;newtechs_nonuc;WDW;2027;39420
VAR_FOut;SELC;2056;FTE-SIMEWON17;REG1;newtechs_nonuc;SDW;2027;59918.4
VAR_FOut;SELC;2056;FTE-SIMEWON17;REG1;newtechs_nonuc;WDW;2054;39945.6
VAR_FOut;SELC;2057;FTE-SIMEWON17;REG1;newtechs_nonuc;SDW;2027;60706.8
VAR_FOut;SELC;2057;FTE-SIMEWON17;REG1;newtechs_nonuc;WDW;2038;40471.2000000007
VAR_FOut;SELC;2058;FTE-SIMEWON17;REG1;newtechs_nonuc;SDW;2027;61495.2
VAR_FOut;SELC;2058;FTE-SIMEWON17;REG1;newtechs_nonuc;SNW;2027;100324.833387803
VAR_FOut;SELC;2058;FTE-SIMEWON17;REG1;newtechs_nonuc;WDW;2027;27447.8921512398
VAR_FOut;SELC;2061;FTE-SIMEWON17;REG1;newtechs_nonuc;WDW;2036;42573.6
VAR_FOut;SELC;2061;FTE-SIMEWON17;REG1;newtechs_nonuc;SDW;2058;28378.7531528634
VAR_FOut;SELC;2062;FTE-SIMEWON17;REG1;newtechs_nonuc;WDW;2020;22426.5504248018
VAR_FOut;SELC;2062;FTE-SIMEWON17;REG1;newtechs_nonuc;SNW;2023;90307.8464230948
VAR_FOut;SELC;2062;FTE-SIMEWON17;REG1;newtechs_nonuc;SDW;2056;64648.8
VAR_FOut;SELC;2063;FTE-SIMEWON17;REG1;newtechs_nonuc;WDW;2019;43624.8
VAR_FOut;SELC;2063;FTE-SIMEWON17;REG1;newtechs_nonuc;WNW;2030;98820.3400220653
VAR_FOut;SELC;2063;FTE-SIMEWON17;REG1;newtechs_nonuc;SNW;2057;110872.167991836
VAR_FOut;SELC;2064;FTE-SIMEWON17;REG1;newtechs_nonuc;WDW;2029;44150.4000000004
VAR_FOut;SELC;2065;FTE-SIMEWON17;REG1;newtechs_nonuc;SNW;2031;108070.499416897
VAR_FOut;SELC;2065;FTE-SIMEWON17;REG1;newtechs_nonuc;SDW;2050;67014
VAR_FOut;SELC;2065;FTE-SIMEWON17;REG1;newtechs_nonuc;WDW;2059;44675.9999999997
VAR_FOut;SELC;2066;FTE-SIMEWON17;REG1;newtechs_nonuc;WDW;2040;21292.8846642788
VAR_FOut;SELC;2066;FTE-SIMEWON17;REG1;newtechs_nonuc;SDW;2044;37090.2044209782
VAR_FOut;SELC;2066;FTE-SIMEWON17;REG1;newtechs_nonuc;WNW;2062;126093.240256948
VAR_FOut;SELC;2067;FTE-SIMEWON17;REG1;newtechs_nonuc;SDW;2040;38004.8612978167
VAR_FOut;SELC;2067;FTE-SIMEWON17;REG1;newtechs_nonuc;WDW;2052;45727.2
VAR_FOut;SELC;2069;FTE-SIMEWON17;REG1;newtechs_nonuc;SDW;2061;70167.6
VAR_FOut;SELC;2069;FTE-SIMEWON17;REG1;newtechs_nonuc;WDW;2064;46778.4
VAR_FOut;SELC;2070;FTE-SIMEWON17;REG1;newtechs_nonuc;SDW;2046;70956
VAR_FOut;SELC;2070;FTE-SIMEWON17;REG1;newtechs_nonuc;WDW;2050;47304
VAR_FOut;SELC;2071;FTE-SIMEWON17;REG1;newtechs_nonuc;WDW;2019;47829.6
VAR_FOut;SELC;2071;FTE-SIMEWON17;REG1;newtechs_nonuc;SDW;2044;71744.4
VAR_FOut;SELC;2071;FTE-SIMEWON17;REG1;newtechs_nonuc;SNW;2062;125067.800856246
VAR_FOut;SELC;2072;FTE-SIMEWON17;REG1;newtechs_nonuc;WNW;2040;124737.329376736
VAR_FOut;SELC;2072;FTE-SIMEWON17;REG1;newtechs_nonuc;WDW;2051;48355.2
VAR_FOut;SELC;2072;FTE-SIMEWON17;REG1;newtechs_nonuc;SDW;2052;72532.8
VAR_FOut;SELC;2073;FTE-SIMEWON17;REG1;newtechs_nonuc;SNW;2022;107445.97953102
VAR_FOut;SELC;2073;FTE-SIMEWON17;REG1;newtechs_nonuc;SDW;2029;73321.2
VAR_FOut;SELC;2073;FTE-SIMEWON17;REG1;newtechs_nonuc;WDW;2050;48880.8
VAR_FOut;SELC;2074;FTE-SIMEWON17;REG1;newtechs_nonuc;WDW;2053;49406.4
VAR_FOut;SELC;2074;FTE-SIMEWON17;REG1;newtechs_nonuc;SDW;2069;74109.6
VAR_FOut;SELC;2075;FTE-SIMEWON17;REG1;newtechs_nonuc;WDW;2039;49932
VAR_FOut;SELC;2075;FTE-SIMEWON17;REG1;newtechs_nonuc;SDW;2048;74898
VAR_FOut;SELC;2075;FTE-SIMEWON17;REG1;newtechs_nonuc;WNW;2052;130446.068399159
VAR_FOut;SELC;2076;FTE-SIMEWON17;REG1;newtechs_nonuc;SDW;2027;75686.4
VAR_FOut;SELC;2076;FTE-SIMEWON17;REG1;newtechs_nonuc;WDW;2039;50457.6
VAR_FOut;SELC;2077;FTE-SIMEWON17;REG1;newtechs_nonuc;WDW;2039;50983.2
VAR_FOut;SELC;2078;FTE-SIMEWON17;REG1;newtechs_nonuc;SDW;2039;77263.2
VAR_FOut;SELC;2078;FTE-SIMEWON17;REG1;newtechs_nonuc;WDW;2039;51508.8000000001
VAR_FOut;SELC;2079;FTE-SIMEWON17;REG1;newtechs_nonuc;SDW;2034;39609.2239053161
VAR_FOut;SELC;2079;FTE-SIMEWON17;REG1;newtechs_nonuc;WDW;2050;52034.4
VAR_FOut;SELC;2080;FTE-SIMEWON17;REG1;newtechs_nonuc;WDW;2076;52560
VAR_FOut;SELC;2081;FTE-SIMEWON17;REG1;newtechs_nonuc;WDW;2035;33933.9088821702
VAR_FOut;SELC;2081;FTE-SIMEWON17;REG1;newtechs_nonuc;SDW;2042;79628.4
VAR_FOut;SELC;2082;FTE-SIMEWON17;REG1;newtechs_nonuc;WNW;2052;22.2006532450323
VAR_FOut;SELC;2082;FTE-SIMEWON17;REG1;newtechs_nonuc;SDW;2056;80416.8
VAR_FOut;SELC;2082;FTE-SIMEWON17;REG1;newtechs_nonuc;WDW;2062;53611.2
VAR_FOut;SELC;2083;FTE-SIMEWON17;REG1;newtechs_nonuc;SNW;2034;2608.61344530509
VAR_FOut;SELC;2083;FTE-SIMEWON17;REG1;newtechs_nonuc;WDW;2034;54136.8
VAR_FOut;SELC;2083;FTE-SIMEWON17;REG1;newtechs_nonuc;SDW;2056;81205.2
VAR_FOut;SELC;2083;FTE-SIMEWON17;REG1;newtechs_nonuc;WNW;2056;2608.61344530509
VAR_FOut;SELC;2084;FTE-SIMEWON17;REG1;newtechs_nonuc;SDW;2034;81993.6
VAR_FOut;SELC;2084;FTE-SIMEWON17;REG1;newtechs_nonuc;SNW;2034;5195.02623736503
VAR_FOut;SELC;2084;FTE-SIMEWON17;REG1;newtechs_nonuc;WDW;2034;54662.4
VAR_FOut;SELC;2085;FTE-SIMEWON17;REG1;newtechs_nonuc;SNW;2075;7781.43902942527
VAR_FOut;SELC;2085;FTE-SIMEWON17;REG1;newtechs_nonuc;WDW;2075;55188
VAR_FOut;SELC;2085;FTE-SIMEWON17;REG1;newtechs_nonuc;WNW;2075;170584.489134296
VAR_FOut;SELC;2086;FTE-SIMEWON17;REG1;newtechs_nonuc;SDW;2075;83570.4
VAR_FOut;SELC;2086;FTE-SIMEWON17;REG1;newtechs_nonuc;WDW;2075;55713.6
VAR_FOut;SELC;2086;FTE-SIMEWON17;REG1;newtechs_nonuc;WNW;2075;10367.8518214853
VAR_FOut;SELC;2087;FTE-SIMEWON17;REG1;newtechs_nonuc;SDW;2075;84358.8
VAR_FOut;SELC;2087;FTE-SIMEWON17;REG1;newtechs_nonuc;SNW;2075;13006.3841041351
VAR_FOut;SELC;2087;FTE-SIMEWON17;REG1;newtechs_nonuc;WDW;2075;56239.2
VAR_FOut;SELC;2087;FTE-SIMEWON17;REG1;newtechs_nonuc;WNW;2075;13006.3841041351
VAR_FOut;SELC;2088;FTE-SIMEWON17;REG1;newtechs_nonuc;SNW;2050;15799.4876181353
VAR_FOut;SELC;2088;FTE-SIMEWON17;REG1;newtechs_nonuc;WDW;2050;56764.8
VAR_FOut;SELC;2088;FTE-SIMEWON17;REG1;newtechs_nonuc;WNW;2050;15799.4876181353
VAR_FOut;SELC;2089;FTE-SIMEWON17;REG1;newtechs_nonuc;WDW;2074;57290.4
VAR_FOut;SELC;2090;FTE-SIMEWON17;REG1;newtechs_nonuc;WDW;2023;57816
VAR_FOut;SELC;2090;FTE-SIMEWON17;REG1;newtechs_nonuc;SDW;2062;86724
VAR_FOut;SELC;2090;FTE-SIMEWON17;REG1;newtechs_nonuc;WNW;2084;169566.10153624
VAR_FOut;SELC;2091;FTE-SIMEWON17;REG1;newtechs_nonuc;WDW;2021;33910.921576701
VAR_FOut;SELC;2091;FTE-SIMEWON17;REG1;newtechs_nonuc;SDW;2038;42081.8088250729
VAR_FOut;SELC;2091;FTE-SIMEWON17;REG1;newtechs_nonuc;SNW;2075;23688.1311005806
VAR_FOut;SELC;2091;FTE-SIMEWON17;REG1;newtechs_nonuc;WNW;2075;11575.8107158519
VAR_FOut;SELC;2092;FTE-SIMEWON17;REG1;newtechs_nonuc;SNW;2067;26317.6789280623
VAR_FOut;SELC;2092;FTE-SIMEWON17;REG1;newtechs_nonuc;WDW;2077;33908.6228461541
VAR_FOut;SELC;2092;FTE-SIMEWON17;REG1;newtechs_nonuc;WNW;2081;152373.522815571
VAR_FOut;SELC;2092;FTE-SIMEWON17;REG1;newtechs_nonuc;SDW;2092;88300.8
VAR_FOut;SELC;2093;FTE-SIMEWON17;REG1;newtechs_nonuc;WDW;2060;5789.44535110882
VAR_FOut;SELC;2093;FTE-SIMEWON17;REG1;newtechs_nonuc;SNW;2062;28947.226755544
VAR_FOut;SELC;2093;FTE-SIMEWON17;REG1;newtechs_nonuc;WNW;2062;152362.029162836
VAR_FOut;SELC;2094;FTE-SIMEWON17;REG1;newtechs_nonuc;SDW;2077;89877.6
VAR_FOut;SELC;2094;FTE-SIMEWON17;REG1;newtechs_nonuc;SNW;2077;31576.7745830258
VAR_FOut;SELC;2094;FTE-SIMEWON17;REG1;newtechs_nonuc;WDW;2077;6315.35491660516
VAR_FOut;SELC;2094;FTE-SIMEWON17;REG1;newtechs_nonuc;WNW;2077;31576.7745830258
VAR_FOut;SELC;2095;FTE-SIMEWON17;REG1;newtechs_nonuc;SDW;2040;42066.1590488133
VAR_FOut;SELC;2095;FTE-SIMEWON17;REG1;newtechs_nonuc;SNW;2040;169508.633272567
VAR_FOut;SELC;2095;FTE-SIMEWON17;REG1;newtechs_nonuc;WDW;2077;60444
VAR_FOut;SELC;2095;FTE-SIMEWON17;REG1;newtechs_nonuc;WNW;2080;169508.633272567
VAR_FOut;SELC;2096;FTE-SIMEWON17;REG1;newtechs_nonuc;SDW;2077;91454.4
VAR_FOut;SELC;2096;FTE-SIMEWON17;REG1;newtechs_nonuc;SNW;2077;36835.870237989
VAR_FOut;SELC;2096;FTE-SIMEWON17;REG1;newtechs_nonuc;WDW;2077;33899.4279239664
VAR_FOut;SELC;2096;FTE-SIMEWON17;REG1;newtechs_nonuc;WNW;2077;36835.8702379893
VAR_FOut;SELC;2097;FTE-SIMEWON17;REG1;newtechs_nonuc;SDW;2077;3052.26579019563
VAR_FOut;SELC;2097;FTE-SIMEWON17;REG1;newtechs_nonuc;SNW;2077;169485.645967097
VAR_FOut;SELC;2097;FTE-SIMEWON17;REG1;newtechs_nonuc;WDW;2077;61495.2
VAR_FOut;SELC;2097;FTE-SIMEWON17;REG1;newtechs_nonuc;WNW;2077;39465.4180654711
VAR_FOut;SELC;2098;FTE-SIMEWON17;REG1;newtechs_nonuc;SNW;2077;169474.152314363
VAR_FOut;SELC;2098;FTE-SIMEWON17;REG1;newtechs_nonuc;WDW;2077;62020.8
VAR_FOut;SELC;2098;FTE-SIMEWON17;REG1;newtechs_nonuc;WNW;2077;42094.9658929527
VAR_FOut;SELC;2098;FTE-SIMEWON17;REG1;newtechs_nonuc;SDW;2088;3840.66579019559
VAR_FOut;SELC;2099;FTE-SIMEWON17;REG1;newtechs_nonuc;SDW;2066;4629.06579019558
VAR_FOut;SELC;2099;FTE-SIMEWON17;REG1;newtechs_nonuc;SNW;2066;152293.067246428
VAR_FOut;SELC;2099;FTE-SIMEWON17;REG1;newtechs_nonuc;WDW;2066;31467.5911314092
VAR_FOut;SELC;2099;FTE-SIMEWON17;REG1;newtechs_nonuc;WNW;2066;169462.658661628
VAR_FOut;SELC;2100;FTE-SIMEWON17;REG1;newtechs_nonuc;SDW;2066;5417.46579019556
VAR_FOut;SELC;2100;FTE-SIMEWON17;REG1;newtechs_nonuc;SNW;2066;169451.165008894
VAR_FOut;SELC;2100;FTE-SIMEWON17;REG1;newtechs_nonuc;WDW;2066;63072
VAR_FOut;SELC;2100;FTE-SIMEWON17;REG1;newtechs_nonuc;WNW;2066;47354.0615479162
